opcode,system_number,latitude_dd,longitude_dd,date_time,site,location,status,zone_type,commonwealth,depth_m,observer_count,observer_length,successful_count,successful_length,video_notes,left_camera,right_camera,rear_camera,forwards_habitat_image_saved,backwards_habitat_image_saved,successful_relief_forwards,successful_habitat_forwards,successful_relief_backwards,successful_habitat_backwards,observer_habitat_forwards,observer_habitat_backwards,maxn_complete_date,maxn_checker,length_complete_date,comment
GB-BV-001,1,-33.48167167,115.2200283,2024-03-26T07:52:39+08:00,,Geographe Bay,Fished,Special Purpose Zone (Mining Exclusion) (IUCN VI),TRUE,34.9,Ryan Simms,Bri Beaulieu,Yes,Yes,,15,16,1789,Yes,Yes,Yes,Yes,Yes,Yes,Bri Beaulieu,Alex McLennan,23/08/2024,Alex McLennan,07/10/2024,
GB-BV-002,2,-33.40347,115.4291583,2024-04-08T11:16:24+08:00,,Geographe Bay,Fished,Special Purpose Zone (Mining Exclusion) (IUCN VI),TRUE,26.9,Alex McLennan,Bri Beaulieu,Yes,Yes,,17,18,90,Yes,Yes,Yes,Yes,Yes,Yes,Bri Beaulieu,Alex McLennan,30/09/2024,Bri Beaulieu,22/10/2024,
GB-BV-003,1,-33.4085045,115.2877473,2024-03-26T10:50:03+08:00,,Geographe Bay,Fished,Special Purpose Zone (Mining Exclusion) (IUCN VI),TRUE,37.4,Ryan Simms,Bri Beaulieu,Yes,Yes,,15,16,1789,Yes,Yes,Yes,Yes,Yes,Yes,Bri Beaulieu,Alex McLennan,29/08/2024,Bri Beaulieu,08/10/2024,
GB-BV-004,10,-33.63981,115.2864067,2024-04-09T12:53:23+08:00,,Geographe Bay,Fished,General Use Zone (IUCN VI),FALSE,7.6,Lise Fournier-Carnoy,Ryan Simms,Yes,Yes,,33,34,0,Yes,Yes,Yes,Yes,Yes,Yes,Bri Beaulieu,Alex McLennan,16/11/2024,Claude Spencer,28/11/2024,
GB-BV-005,2,-33.47694167,115.1785967,2024-03-27T14:21:00+08:00,,Geographe Bay,Fished,Special Purpose Zone (Mining Exclusion) (IUCN VI),TRUE,36.1,Alex McLennan,Ryan Simms,Yes,Yes,,17,18,1790,Yes,Yes,Yes,Yes,Yes,Yes,Bri Beaulieu,Alex McLennan,04/09/2024,Ryan Simms,11/10/2024,
GB-BV-006,4,-33.35468,115.4437633,2024-04-08T11:36:54+08:00,,Geographe Bay,Fished,Special Purpose Zone (Mining Exclusion) (IUCN VI),TRUE,27.8,Alex McLennan,Bri Beaulieu,Yes,Yes,Camera 22 turned off on retrieval. Full period still,21,22,92,Yes,Yes,Yes,Yes,Yes,Yes,Bri Beaulieu,Alex McLennan,01/10/2024,Bri Beaulieu,23/10/2024,
GB-BV-007,10,-33.58914667,115.3787917,2024-03-28T14:21:40+08:00,,Geographe Bay,Fished,General Use Zone (IUCN VI),FALSE,12.4,Lise Fournier-Carnoy,Bri Beaulieu,Yes,Yes,Amened lengths 26/11 RS,33,34,1800,Yes,Yes,Yes,Yes,Yes,Yes,Bri Beaulieu,Alex McLennan,31/10/2024,Claude Spencer,28/10/2024,
GB-BV-008,5,-33.394755,115.2549917,2024-03-26T11:22:45+08:00,,Geographe Bay,Fished,Special Purpose Zone (Mining Exclusion) (IUCN VI),TRUE,39.7,Ryan Simms,Bri Beaulieu,Yes,Yes,,23,24,1793,Yes,Yes,Yes,Yes,Yes,Yes,Bri Beaulieu,Alex McLennan,18/09/2024,Bri Beaulieu,09/10/2024,
GB-BV-009,10,-33.57436167,115.149135,2024-04-09T09:35:24+08:00,,Geographe Bay,Fished,General Use Zone (IUCN VI),FALSE,23.9,Lise Fournier-Carnoy,Hannah Williams,Yes,Yes,,33,34,0,Yes,Yes,Yes,Yes,Yes,Yes,Bri Beaulieu,Alex McLennan,28/11/2024,Hannah Williams,20/02/2025,
GB-BV-010,8,-33.49934667,115.4771367,2024-04-03T10:40:47+08:00,,Geographe Bay,Fished,,FALSE,13.4,Lise Fournier-Carnoy,,Yes,No,"Left cam SD corrupted, files not recoved",1829,1830,1798,Yes,Yes,Yes,Yes,Yes,Yes,Bri Beaulieu,Alex McLennan,14/11/2024,Claude Spencer,,
GB-BV-011,10,-33.52875667,115.2826517,2024-04-02T15:28:02+08:00,,Geographe Bay,Fished,Multiple Use Zone (IUCN VI),TRUE,27.5,Daniel Agnello,Ryan Simms,Yes,Yes,,1833,1834,1800,Yes,Yes,Yes,Yes,Yes,Yes,Bri Beaulieu,Alex McLennan,26/09/2024,Ryan Simms,17/10/2024,
GB-BV-012,1,-33.42520167,115.1656117,2024-03-27T10:55:21+08:00,,Geographe Bay,Fished,Special Purpose Zone (Mining Exclusion) (IUCN VI),TRUE,40.7,Alex McLennan,Ryan Simms,Yes,Yes,"Check footage, something weird at the bottom according to skipper.",15,16,1789,Yes,Yes,Yes,Yes,Yes,Yes,Bri Beaulieu,Bri Beaulieu,30/08/2024,Ryan Simms,09/10/2024,
GB-BV-013,1,-33.5242,115.0585717,2024-03-27T16:32:15+08:00,,Geographe Bay,Fished,General Use Zone (IUCN VI),FALSE,35.1,Ryan Simms,Lise Fournier-Carnoy,Yes,Yes,,15,16,1789,Yes,Yes,Yes,Yes,Yes,Yes,Bri Beaulieu,Bri Beaulieu,04/10/2024,Lise Fournier-Carnoy,23/10/2024,
GB-BV-014,2,-33.389175,115.2909633,2024-03-26T10:58:02+08:00,,Geographe Bay,Fished,Special Purpose Zone (Mining Exclusion) (IUCN VI),TRUE,37.3,Ryan Simms,Bri Beaulieu,Yes,Yes,,17,18,1790,Yes,Yes,Yes,Yes,Yes,Yes,Bri Beaulieu,Bri Beaulieu,30/08/2024,Bri Beaulieu,08/10/2024,
GB-BV-015,2,-33.52702,115.36056,2024-03-28T08:37:12+08:00,,Geographe Bay,Fished,Multiple Use Zone (IUCN VI),TRUE,21.6,Daniel Agnello,Ryan Simms,Yes,Yes,,17,18,1790,Yes,Yes,Yes,Yes,Yes,Yes,Bri Beaulieu,Bri Beaulieu,26/09/2024,Ryan Simms,15/10/2024,
GB-BV-016,5,-33.35978167,115.1201883,2024-03-27T08:03:05+08:00,,Geographe Bay,Fished,Special Purpose Zone (Mining Exclusion) (IUCN VI),TRUE,44.1,Alex McLennan,Ryan Simms,Yes,Yes,,23,24,1793,Yes,Yes,Yes,Yes,Yes,Yes,Bri Beaulieu,Bri Beaulieu,28/08/2024,Ryan Simms,08/10/2024,
GB-BV-017,9,-33.588,115.1819117,2024-04-09T09:25:38+08:00,,Geographe Bay,Fished,Multiple Use Zone (IUCN VI),TRUE,21.4,Ryan Simms,Lise Fournier-Carnoy,Yes,Yes,,31,32,98,Yes,Yes,Yes,Yes,Yes,Yes,Bri Beaulieu,Bri Beaulieu,27/09/2024,Lise Fournier-Carnoy,24/10/2024,
GB-BV-018,6,-33.42482333,115.4400033,2024-04-04T14:47:11+08:00,,Geographe Bay,Fished,Special Purpose Zone (Mining Exclusion) (IUCN VI),TRUE,24.5,Alex McLennan,Bri Beaulieu,Yes,Yes,,1795,1796,1794,Yes,Yes,Yes,Yes,Yes,Yes,Bri Beaulieu,Bri Beaulieu,02/10/2024,Bri Beaulieu,21/10/2024,
GB-BV-019,10,-33.51481333,115.3412017,2024-04-02T12:20:37+08:00,,Geographe Bay,Fished,Multiple Use Zone (IUCN VI),TRUE,24.8,Ryan Simms,Bri Beaulieu,Yes,Yes,,1833,1834,1800,Yes,Yes,Yes,Yes,Yes,Yes,Bri Beaulieu,Bri Beaulieu,26/09/2024,Bri Beaulieu,14/10/2024,
GB-BV-020,9,-33.41750333,115.18802,2024-03-26T11:55:13+08:00,,Geographe Bay,Fished,Special Purpose Zone (Mining Exclusion) (IUCN VI),TRUE,40.6,Ryan Simms,Bri Beaulieu,Yes,Yes,,31,32,1799,Yes,Yes,Yes,Yes,Yes,Yes,Bri Beaulieu,Bri Beaulieu,19/09/2024,Bri Beaulieu,09/10/2024,
GB-BV-021,8,-33.47406,115.059725,2024-03-27T15:06:03+08:00,,Geographe Bay,Fished,Special Purpose Zone (Mining Exclusion) (IUCN VI),TRUE,43.7,Alex McLennan,Ryan Simms,Yes,Yes,One Bungee off on retrieval. Base bar facing down. Second video in sequence corrupt but period is still 60 minutes,29,30,1798,Yes,Yes,Yes,Yes,Yes,Yes,Bri Beaulieu,Bri Beaulieu,20/09/2024,Ryan Simms,15/10/2024,
GB-BV-022,4,-33.37340833,115.3356167,2024-04-08T14:48:04+08:00,,Geographe Bay,Fished,Special Purpose Zone (Mining Exclusion) (IUCN VI),TRUE,34.5,Ryan Simms,Lise Fournier-Carnoy,Yes,Yes,,21,22,92,Yes,Yes,Yes,Yes,Yes,Yes,Bri Beaulieu,Bri Beaulieu,30/09/2024,Lise Fournier-Carnoy,24/10/2024,
GB-BV-023,4,-33.543785,115.33004,2024-03-28T08:51:01+08:00,,Geographe Bay,Fished,Multiple Use Zone (IUCN VI),TRUE,22.2,Alex McLennan,Ryan Simms,Yes,Yes,,21,22,1792,Yes,Yes,Yes,Yes,Yes,Yes,Bri Beaulieu,Bri Beaulieu,24/09/2024,Ryan Simms,16/10/2024,
GB-BV-024,9,-33.45564333,115.0767517,2024-03-27T15:14:39+08:00,,Geographe Bay,Fished,Special Purpose Zone (Mining Exclusion) (IUCN VI),TRUE,43.7,Bri Beaulieu,,Yes,No,SD Card corrupted. Only able to recover Right cams,31,32,1799,Yes,Yes,,,Yes,Yes,,Bri Beaulieu,03/10/2024,Alex McLennan,,
GB-BV-025,7,-33.54552333,115.2520867,2024-04-02T15:08:57+08:00,,Geographe Bay,Fished,Multiple Use Zone (IUCN VI),TRUE,28.5,Ryan Simms,Bri Beaulieu,Yes,Yes,,1827,1828,1797,Yes,Yes,Yes,Yes,Yes,Yes,Bri Beaulieu,Bri Beaulieu,26/09/2024,Bri Beaulieu,15/10/2024,
GB-BV-026,4,-33.37913833,115.4820317,2024-04-08T08:41:22+08:00,,Geographe Bay,Fished,Special Purpose Zone (Mining Exclusion) (IUCN VI),TRUE,23.2,Alex McLennan,Bri Beaulieu,Yes,Yes,,21,22,92,Yes,Yes,Yes,Yes,Yes,Yes,Bri Beaulieu,Bri Beaulieu,25/09/2024,Bri Beaulieu,21/10/2024,
GB-BV-027,2,-33.54213333,115.4070683,2024-03-28T10:51:13+08:00,,Geographe Bay,Fished,Multiple Use Zone (IUCN VI),TRUE,15.3,Ryan Simms,Bri Beaulieu,Yes,Yes,,17,18,1790,Yes,Yes,Yes,Yes,Yes,Yes,Bri Beaulieu,Bri Beaulieu,09/09/2024,Bri Beaulieu,10/10/2024,
GB-BV-028,3,-33.59105667,115.30105,2024-04-02T14:39:35+08:00,,Geographe Bay,Fished,General Use Zone (IUCN VI),FALSE,17.2,Lise Fournier-Carnoy,Bri Beaulieu,Yes,Yes,"LED lights turned off mid drop, Amened lengths 26/11 RS",1819,1820,1791,Yes,Yes,Yes,Yes,Yes,Yes,Bri Beaulieu,Bri Beaulieu,10/11/2024,Claude Spencer,28/10/2024,
GB-BV-029,5,-33.59575,115.1595867,2024-04-09T08:55:29+08:00,,Geographe Bay,Fished,General Use Zone (IUCN VI),FALSE,16.4,Lise Fournier-Carnoy,Hannah Williams,Yes,Yes,Bruv thereâ€™s divers ,23,24,93,Yes,Yes,Yes,Yes,Yes,Yes,Bri Beaulieu,Bri Beaulieu,17/11/2024,Hannah Williams,18/02/2025,
GB-BV-030,6,-33.47209,115.4113183,2024-04-02T11:35:52+08:00,,Geographe Bay,Fished,Special Purpose Zone (Mining Exclusion) (IUCN VI),TRUE,23.4,Ryan Simms,Bri Beaulieu,Yes,Yes,,1795,1796,1794,Yes,Yes,Yes,Yes,Yes,Yes,Bri Beaulieu,Bri Beaulieu,25/09/2024,Bri Beaulieu,14/10/2024,
GB-BV-031,4,-33.61203333,115.40324,2024-03-28T13:24:59+08:00,,Geographe Bay,Fished,General Use Zone (IUCN VI),FALSE,6.8,Lise Fournier-Carnoy,Ryan Simms,Yes,Yes,,21,22,1792,Yes,Yes,Yes,Yes,Yes,Yes,Bri Beaulieu,Bri Beaulieu,31/10/2024,Claude Spencer,26/11/2024,
GB-BV-032,3,-33.46014167,115.2093917,2024-03-26T08:07:29+08:00,,Geographe Bay,Fished,Special Purpose Zone (Mining Exclusion) (IUCN VI),TRUE,36.3,Ryan Simms,Bri Beaulieu,Yes,Yes,LED OFF on retrieval ,19,20,1791,Yes,Yes,Yes,Yes,Yes,Yes,Bri Beaulieu,Bri Beaulieu,26/08/2024,Alex McLennan,07/10/2024,
GB-BV-033,7,-33.486245,115.078795,2024-03-27T14:57:54+08:00,,Geographe Bay,Fished,Multiple Use Zone (IUCN VI),TRUE,41.5,Alex McLennan,Ryan Simms,Yes,Yes,No sync clap/chop. BRUVS frame constant bobbing throughout - perhaps short rope?,27,28,1797,Yes,Yes,Yes,Yes,Yes,Yes,Bri Beaulieu,Bri Beaulieu,19/09/2024,Ryan Simms,15/10/2024,
GB-BV-034,3,-33.39454167,115.3464283,2024-04-08T14:39:17+08:00,,Geographe Bay,Fished,Special Purpose Zone (Mining Exclusion) (IUCN VI),TRUE,34.1,Ryan Simms,Lise Fournier-Carnoy,Yes,Yes,Showed GB-BV-022,19,20,91,Yes,Yes,Yes,Yes,Yes,Yes,Bri Beaulieu,Bri Beaulieu,30/09/2024,Lise Fournier-Carnoy,23/10/2024,
GB-BV-035,5,-33.61846333,115.275695,2024-04-09T12:11:39+08:00,,Geographe Bay,Fished,General Use Zone (IUCN VI),FALSE,12.7,Lise Fournier-Carnoy,Ryan Simms,Yes,Yes,,23,24,93,Yes,Yes,Yes,Yes,Yes,Yes,Bri Beaulieu,Bri Beaulieu,15/11/2024,Claude Spencer,27/11/2024,
GB-BV-036,9,-33.39164667,115.136395,2024-03-27T08:44:50+08:00,,Geographe Bay,Fished,Special Purpose Zone (Mining Exclusion) (IUCN VI),TRUE,44.5,Alex McLennan,,Yes,No,SD Card corrupted. Only able to recover Right cams,31,32,1799,Yes,Yes,No,No,Yes,Yes,,Bri Beaulieu,04/10/2024,,,
GB-BV-037,9,-33.539185,115.2628467,2024-04-02T15:20:43+08:00,,Geographe Bay,Fished,Multiple Use Zone (IUCN VI),TRUE,27.5,Ryan Simms,Bri Beaulieu,Yes,Yes,,1831,1832,1799,Yes,Yes,Yes,Yes,Yes,Yes,Bri Beaulieu,Bri Beaulieu,26/09/2024,Bri Beaulieu,15/10/2024,
GB-BV-038,9,-33.51294,115.31617,2024-04-02T12:11:02+08:00,,Geographe Bay,Fished,Multiple Use Zone (IUCN VI),TRUE,26.7,Ryan Simms,Bri Beaulieu,Yes,Yes,,1831,1832,1799,Yes,Yes,Yes,Yes,Yes,Yes,Bri Beaulieu,Bri Beaulieu,25/09/2024,Bri Beaulieu,14/10/2024,"M. tenuicaudatus with fishing tackle in mouth, potential ethics report?"
GB-BV-039,6,-33.37543167,115.4142767,2024-04-08T11:54:29+08:00,,Geographe Bay,Fished,Special Purpose Zone (Mining Exclusion) (IUCN VI),TRUE,29.9,Alex McLennan,Lise Fournier-Carnoy,Yes,Yes,,95,96,94,Yes,Yes,Yes,Yes,Yes,Yes,Bri Beaulieu,Bri Beaulieu,27/09/2024,Lise Fournier-Carnoy,23/10/2024,
GB-BV-041,8,-33.52075,115.15334,2024-03-26T15:20:29+08:00,,Geographe Bay,Fished,Multiple Use Zone (IUCN VI),TRUE,33.7,Ryan Simms,Bri Beaulieu,Yes,Yes,,29,30,1798,Yes,Yes,Yes,Yes,Yes,Yes,Bri Beaulieu,Bri Beaulieu,20/09/2024,Bri Beaulieu,10/10/2024,
GB-BV-042,8,-33.628715,115.3158067,2024-04-09T12:31:22+08:00,,Geographe Bay,Fished,General Use Zone (IUCN VI),FALSE,9.3,Lise Fournier-Carnoy,Ryan Simms,Yes,Yes,,29,30,98,Yes,Yes,Yes,Yes,Yes,Yes,Bri Beaulieu,Bri Beaulieu,15/11/2024,Claude Spencer,27/11/2024,
GB-BV-043,4,-33.46408833,115.3417133,2024-04-03T13:47:30+08:00,,Geographe Bay,Fished,Special Purpose Zone (Mining Exclusion) (IUCN VI),TRUE,29,Ryan Simms,Bri Beaulieu,Yes,Yes,,1821,1822,1792,Yes,Yes,Yes,Yes,Yes,Yes,Bri Beaulieu,Bri Beaulieu,24/09/2024,Bri Beaulieu,17/10/2024,
GB-BV-045,8,-33.60248167,115.1941467,2024-04-09T09:18:56+08:00,,Geographe Bay,Fished,General Use Zone (IUCN VI),FALSE,14.6,Lise Fournier-Carnoy,Hannah Williams,Yes,Yes,,29,30,98,Yes,Yes,Yes,Yes,Yes,Yes,Bri Beaulieu,Bri Beaulieu,17/11/2024,Hannah Williams,19/02/2024,
GB-BV-046,5,-33.42120167,115.4203933,2024-04-04T14:40:25+08:00,,Geographe Bay,Fished,Special Purpose Zone (Mining Exclusion) (IUCN VI),TRUE,27.6,Alex McLennan,Ryan Simms,Yes,Yes,,1823,1824,1793,Yes,Yes,Yes,Yes,Yes,Yes,Bri Beaulieu,Bri Beaulieu,02/10/2024,Ryan Simms,21/10/2024,
GB-BV-047,1,-33.423325,115.3799367,2024-04-04T14:18:02+08:00,,Geographe Bay,Fished,Special Purpose Zone (Mining Exclusion) (IUCN VI),TRUE,29.9,Ryan Simms,Bri Beaulieu,Yes,Yes,,1815,1816,1789,Yes,Yes,Yes,Yes,Yes,Yes,Bri Beaulieu,Bri Beaulieu,25/09/2024,Bri Beaulieu,18/10/2024,
GB-BV-048,2,-33.43024833,115.1499133,2024-03-27T11:01:11+08:00,,Geographe Bay,Fished,Special Purpose Zone (Mining Exclusion) (IUCN VI),TRUE,41.1,Alex McLennan,Ryan Simms,Yes,Yes,,17,18,1790,Yes,Yes,Yes,Yes,Yes,Yes,Bri Beaulieu,Bri Beaulieu,02/09/2024,Ryan Simms,09/10/2024,
GB-BV-049,2,-33.55935986,115.4479206,2024-04-03T09:55:58+08:00,,Geographe Bay,Fished,,FALSE,8.52,Lise Fournier-Carnoy,Bri Beaulieu,Yes,Yes,Showed wrong opcode (040) first. Amened lengths 27/11 RS,1817,1818,1790,Yes,Yes,Yes,Yes,Yes,Yes,Bri Beaulieu,Bri Beaulieu,14/11/2024,Claude Spencer,28/10/2024,
GB-BV-050,3,-33.37749,115.4319217,2024-04-08T11:26:44+08:00,,Geographe Bay,Fished,Special Purpose Zone (Mining Exclusion) (IUCN VI),TRUE,28.5,Alex McLennan,Bri Beaulieu,Yes,Yes,Finger covering op code in video,19,20,91,Yes,Yes,Yes,Yes,Yes,Yes,Bri Beaulieu,Bri Beaulieu,01/10/2024,Bri Beaulieu,23/10/2024,
GB-BV-051,5,-33.47364667,115.4306233,2024-04-02T11:26:57+08:00,,Geographe Bay,Fished,Special Purpose Zone (Mining Exclusion) (IUCN VI),TRUE,20.3,Ryan Simms,Bri Beaulieu,Yes,Yes,,1823,1824,1793,Yes,Yes,Yes,Yes,Yes,Yes,Bri Beaulieu,Bri Beaulieu,11/09/2024,Alex McLennan,14/10/2024,
GB-BV-052,4,-33.45261,115.236075,2024-03-26T08:17:33+08:00,,Geographe Bay,Fished,Special Purpose Zone (Mining Exclusion) (IUCN VI),TRUE,36.1,Ryan Simms,Bri Beaulieu,Yes,Yes,,21,22,1792,Yes,Yes,Yes,Yes,Yes,Yes,Bri Beaulieu,Bri Beaulieu,26/08/2024,Alex McLennan,07/10/2024,
GB-BV-053,10,-33.53440667,115.1597917,2024-03-26T15:28:35+08:00,,Geographe Bay,Fished,Multiple Use Zone (IUCN VI),TRUE,31.7,Ryan Simms,Bri Beaulieu,Yes,Yes,,33,34,1800,Yes,Yes,Yes,Yes,Yes,Yes,Bri Beaulieu,Bri Beaulieu,20/09/2024,Bri Beaulieu,10/10/2024,
GB-BV-054,10,-33.49042667,115.2882833,2024-04-03T14:16:58+08:00,,Geographe Bay,Fished,Multiple Use Zone (IUCN VI),TRUE,30.3,Ryan Simms,Bri Beaulieu,Yes,Yes,,1833,1834,1800,Yes,Yes,Yes,Yes,Yes,Yes,Bri Beaulieu,Bri Beaulieu,24/09/2024,Bri Beaulieu,17/10/2024,
GB-BV-055,5,-33.371805,115.3208683,2024-04-08T14:52:23+08:00,,Geographe Bay,Fished,Special Purpose Zone (Mining Exclusion) (IUCN VI),TRUE,35.6,Ryan Simms,Lise Fournier-Carnoy,Yes,Yes,,23,24,93,Yes,Yes,Yes,Yes,Yes,Yes,Bri Beaulieu,Bri Beaulieu,30/09/2024,Lise Fournier-Carnoy,24/10/2024,
GB-BV-056,6,-33.35743667,115.1299467,2024-03-27T08:06:38+08:00,,Geographe Bay,Fished,Special Purpose Zone (Mining Exclusion) (IUCN VI),TRUE,43,Alex McLennan,Ryan Simms,Yes,No,"Constant RMS error, unable to accurately length",95,96,1794,Yes,Yes,Yes,Yes,Yes,Yes,Bri Beaulieu,Bri Beaulieu,29/08/2024,Ryan Simms,,
GB-BV-057,6,-33.50719667,115.0877883,2024-03-26T14:58:09+08:00,,Geographe Bay,Fished,General Use Zone (IUCN VI),FALSE,37.4,Ryan Simms,Bri Beaulieu,Yes,Yes,,95,96,1794,Yes,Yes,Yes,Yes,Yes,Yes,Bri Beaulieu,Bri Beaulieu,04/10/2024,Bri Beaulieu,10/10/2024,
GB-BV-058,9,-33.57625667,115.3644,2024-03-28T14:14:40+08:00,,Geographe Bay,Fished,Multiple Use Zone (IUCN VI),TRUE,14.4,Ryan Simms,Bri Beaulieu,Yes,Yes,,31,32,1799,Yes,Yes,Yes,Yes,Yes,Yes,Bri Beaulieu,Bri Beaulieu,11/09/2024,Bri Beaulieu,11/10/2024,
GB-BV-059,8,-33.47797333,115.2907517,2024-04-03T14:07:57+08:00,,Geographe Bay,Fished,Special Purpose Zone (Mining Exclusion) (IUCN VI),TRUE,31.2,Ryan Simms,,Yes,No,"No Left cam footage, MaxN with right cam",1829,1830,1798,Yes,Yes,Yes,Yes,Yes,Yes,Bri Beaulieu,Bri Beaulieu,04/10/2024,,,
GB-BV-060,4,-33.45263833,115.119515,2024-03-27T11:19:28+08:00,,Geographe Bay,Fished,Special Purpose Zone (Mining Exclusion) (IUCN VI),TRUE,41.1,Alex McLennan,Ryan Simms,Yes,Yes,,21,22,1792,Yes,Yes,Yes,Yes,Yes,Yes,Bri Beaulieu,Bri Beaulieu,02/09/2024,Ryan Simms,09/10/2024,
GB-BV-061,6,-33.621095,115.1864567,2024-04-09T09:09:53+08:00,,Geographe Bay,Fished,General Use Zone (IUCN VI),FALSE,9.3,Lise Fournier-Carnoy,Hannah Williams,Yes,Yes,,95,96,94,Yes,Yes,Yes,Yes,Yes,Yes,Bri Beaulieu,Bri Beaulieu,27/11/2024,Hannah Williams,18/02/2025,
GB-BV-062,1,-33.41043,115.440355,2024-04-08T11:11:53+08:00,,Geographe Bay,Fished,Special Purpose Zone (Mining Exclusion) (IUCN VI),TRUE,26.2,Alex McLennan,Bri Beaulieu,Yes,Yes,,15,16,89,Yes,Yes,Yes,Yes,Yes,Yes,Bri Beaulieu,Bri Beaulieu,30/09/2024,Bri Beaulieu,22/10/2024,
GB-BV-063,3,-33.44769167,115.3087483,2024-04-03T13:35:22+08:00,,Geographe Bay,Fished,Special Purpose Zone (Mining Exclusion) (IUCN VI),TRUE,32.5,Ryan Simms,Bri Beaulieu,Yes,Yes,,1819,1820,1791,Yes,No,Yes,Yes,No,No,Bri Beaulieu,,24/09/2024,Bri Beaulieu,17/10/2024,
GB-BV-064,8,-33.42055333,115.0615533,2024-03-27T11:51:24+08:00,,Geographe Bay,Fished,Special Purpose Zone (Mining Exclusion) (IUCN VI),TRUE,45.7,Alex McLennan,Ryan Simms,Yes,Yes,,29,30,1798,Yes,Yes,Yes,Yes,Yes,Yes,Bri Beaulieu,Bri Beaulieu,04/09/2024,Ryan Simms,11/10/2024,
GB-BV-065,10,-33.526105,115.4982167,2024-04-03T10:53:52+08:00,,Geographe Bay,Fished,,FALSE,7.46,Lise Fournier-Carnoy,Bri Beaulieu,Yes,Yes,"Camera tilted upwards, no habitat. Amened lengths 27/11 RS",1833,1834,1800,Yes,Yes,Yes,Yes,Yes,Yes,Bri Beaulieu,Bri Beaulieu,15/11/2024,Claude Spencer,28/10/2024,
GB-BV-066,7,-33.38607167,115.3946583,2024-04-08T12:02:04+08:00,,Geographe Bay,Fished,Special Purpose Zone (Mining Exclusion) (IUCN VI),TRUE,30.7,Ryan Simms,Alex McLennan,Yes,Yes,,27,28,97,Yes,Yes,Yes,Yes,Yes,Yes,Bri Beaulieu,Bri Beaulieu,01/10/2024,Alex McLennan,15/10/0204,
GB-BV-067,4,-33.38943667,115.2462233,2024-03-26T11:18:19+08:00,,Geographe Bay,Fished,Special Purpose Zone (Mining Exclusion) (IUCN VI),TRUE,39.7,Ryan Simms,Bri Beaulieu,Yes,Yes,,21,22,1792,Yes,Yes,Yes,Yes,Yes,Yes,Bri Beaulieu,Bri Beaulieu,09/09/2024,Bri Beaulieu,08/10/2024,
GB-BV-068,2,-33.46943,115.2109833,2024-03-26T07:59:09+08:00,,Geographe Bay,Fished,Special Purpose Zone (Mining Exclusion) (IUCN VI),TRUE,35.9,Ryan Simms,Bri Beaulieu,Yes,Yes,Backwards cam off,17,18,1790,Yes,No,Yes,Yes,No,No,Bri Beaulieu,,26/08/2024,Alex McLennan,07/10/2024,
GB-BV-069,2,-33.49775167,115.1750817,2024-03-26T14:22:03+08:00,,Geographe Bay,Fished,Multiple Use Zone (IUCN VI),TRUE,35.1,Ryan Simms,Bri Beaulieu,Yes,Yes,,17,18,1790,Yes,Yes,Yes,Yes,Yes,Yes,Bri Beaulieu,Bri Beaulieu,19/09/2024,Bri Beaulieu,09/10/2024,
GB-BV-070,9,-33.63062833,115.3333483,2024-04-09T12:38:51+08:00,,Geographe Bay,Fished,General Use Zone (IUCN VI),FALSE,7.52,Lise Fournier-Carnoy,Ryan Simms,Yes,Yes,,31,32,98,Yes,Yes,Yes,Yes,Yes,Yes,Bri Beaulieu,Bri Beaulieu,16/11/2024,Claude Spencer,28/11/2024,
GB-BV-071,2,-33.36301667,115.3582917,2024-04-08T14:26:45+08:00,,Geographe Bay,Fished,Special Purpose Zone (Mining Exclusion) (IUCN VI),TRUE,33.5,Ryan Simms,Lise Fournier-Carnoy,Yes,Yes,No clap for sync,17,18,90,Yes,Yes,Yes,Yes,Yes,Yes,Bri Beaulieu,Bri Beaulieu,30/09/2024,Lise Fournier-Carnoy,23/10/2024,
GB-BV-072,4,-33.36136833,115.1069567,2024-03-27T07:58:07+08:00,,Geographe Bay,Fished,Special Purpose Zone (Mining Exclusion) (IUCN VI),TRUE,43.4,Alex McLennan,Ryan Simms,Yes,Yes,,21,22,1792,Yes,Yes,Yes,Yes,Yes,Yes,Bri Beaulieu,Bri Beaulieu,28/08/2024,Ryan Simms,08/10/2024,
GB-BV-073,4,-33.50444167,115.1198767,2024-03-26T14:44:10+08:00,,Geographe Bay,Fished,Multiple Use Zone (IUCN VI),TRUE,37.8,Ryan Simms,Bri Beaulieu,Yes,Yes,,21,22,1792,Yes,Yes,Yes,Yes,Yes,Yes,Bri Beaulieu,Bri Beaulieu,19/09/2024,Bri Beaulieu,09/10/2024,
GB-BV-074,8,-33.58134167,115.3501767,2024-03-28T14:09:47+08:00,,Geographe Bay,Fished,General Use Zone (IUCN VI),FALSE,14.8,Lise Fournier-Carnoy,Bri Beaulieu,Yes,Yes,Amened lengths 26/11 RS,29,30,1799,Yes,Yes,Yes,Yes,Yes,Yes,Bri Beaulieu,Bri Beaulieu,31/10/2024,Claude Spencer,28/10/2024,
GB-BV-075,5,-33.468045,115.3189717,2024-04-03T13:55:49+08:00,,Geographe Bay,Fished,Special Purpose Zone (Mining Exclusion) (IUCN VI),TRUE,30.7,Ryan Simms,Bri Beaulieu,Yes,Yes,,1823,1824,1793,Yes,Yes,Yes,Yes,Yes,Yes,Bri Beaulieu,Bri Beaulieu,24/09/2024,Bri Beaulieu,17/10/2024,
GB-BV-076,1,-33.46916,115.1524817,2024-03-27T14:13:44+08:00,,Geographe Bay,Fished,Special Purpose Zone (Mining Exclusion) (IUCN VI),TRUE,37.5,Alex McLennan,Ryan Simms,Yes,Yes,,15,16,1789,Yes,Yes,Yes,Yes,Yes,Yes,Bri Beaulieu,Bri Beaulieu,04/09/2024,Ryan Simms,11/10/2024,
GB-BV-077,5,-33.57058833,115.2531683,2024-04-02T14:56:54+08:00,,Geographe Bay,Fished,Multiple Use Zone (IUCN VI),TRUE,23.4,Ryan Simms,Bri Beaulieu,Yes,Yes,,1823,1824,1793,Yes,Yes,Yes,Yes,Yes,Yes,Bri Beaulieu,Bri Beaulieu,26/09/2024,Bri Beaulieu,15/10/2024,
GB-BV-078,3,-33.38985833,115.4882967,2024-04-08T08:36:11+08:00,,Geographe Bay,Fished,Special Purpose Zone (Mining Exclusion) (IUCN VI),TRUE,22.3,Alex McLennan,Bri Beaulieu,Yes,Yes,Sample shown as 076,19,20,91,Yes,Yes,Yes,Yes,Yes,Yes,Bri Beaulieu,Bri Beaulieu,25/09/2024,Bri Beaulieu,21/10/2024,
GB-BV-079,2,-33.44471167,115.3408067,2024-04-03T13:25:36+08:00,,Geographe Bay,Fished,Special Purpose Zone (Mining Exclusion) (IUCN VI),TRUE,30.9,Ryan Simms,Bri Beaulieu,Yes,Yes,,1817,1818,1790,Yes,Yes,Yes,Yes,Yes,Yes,Bri Beaulieu,Bri Beaulieu,20/09/2024,Bri Beaulieu,17/10/2024,
GB-BV-080,5,-33.45655667,115.2711283,2024-03-26T08:30:13+08:00,,Geographe Bay,Fished,Special Purpose Zone (Mining Exclusion) (IUCN VI),TRUE,33.5,Ryan Simms,Bri Beaulieu,Yes,Yes,,23,24,1793,Yes,Yes,Yes,Yes,Yes,Yes,Bri Beaulieu,Bri Beaulieu,27/08/2024,Alex McLennan,07/10/2024,Alex QC'd
GB-BV-081,3,-33.53016333,115.41685,2024-04-03T10:08:37+08:00,,Geographe Bay,Fished,Multiple Use Zone (IUCN VI),TRUE,14,Alex McLennan,Ryan Simms,Yes,Yes,,1819,1820,1791,Yes,No,Yes,Yes,No,No,Bri Beaulieu,,12/09/2024,Ryan Simms,18/10/2024,
GB-BV-082,3,-33.41657833,115.376475,2024-04-04T14:27:02+08:00,,Geographe Bay,Fished,Special Purpose Zone (Mining Exclusion) (IUCN VI),TRUE,30.6,,,No,No,Files missing,1819,1820,1791,No,No,No,No,No,No,,,,,,
GB-BV-083,3,-33.37766507,115.2569428,2024-03-26T11:10:03+08:00,,Geographe Bay,Fished,Special Purpose Zone (Mining Exclusion) (IUCN VI),TRUE,39.6,Ryan Simms,Bri Beaulieu,Yes,Yes,Showed wrong camera numbers at the start. Showed corrected cams before deployment,19,20,1791,Yes,Yes,Yes,Yes,Yes,Yes,Bri Beaulieu,Bri Beaulieu,30/08/2024,Bri Beaulieu,08/10/2024,
GB-BV-084,7,-33.44306833,115.2645467,2024-03-26T08:42:41+08:00,,Geographe Bay,Fished,Special Purpose Zone (Mining Exclusion) (IUCN VI),TRUE,35.1,Ryan Simms,Bri Beaulieu,Yes,Yes,Left cam off on retrieval. Might be loose right angle cord,27,28,1797,Yes,Yes,Yes,Yes,Yes,Yes,Bri Beaulieu,Bri Beaulieu,29/08/2024,Alex McLennan,08/10/2024,
GB-BV-085,1,-33.50534667,115.1871533,2024-03-26T14:16:09+08:00,,Geographe Bay,Fished,Multiple Use Zone (IUCN VI),TRUE,33.1,Alex McLennan,Ryan Simms,Yes,Yes,,15,16,1789,Yes,Yes,Yes,Yes,Yes,Yes,Bri Beaulieu,Bri Beaulieu,02/10/2024,Ryan Simms,07/10/2024,
GB-BV-086,7,-33.60823,115.305415,2024-04-09T12:23:48+08:00,,Geographe Bay,Fished,General Use Zone (IUCN VI),FALSE,14.1,Lise Fournier-Carnoy,Ryan Simms,Yes,Yes,,27,28,97,Yes,Yes,Yes,Yes,Yes,Yes,Bri Beaulieu,Bri Beaulieu,15/11/2024,Claude Spencer,27/11/2024,
GB-BV-087,7,-33.46820833,115.3773417,2024-04-02T11:46:03+08:00,,Geographe Bay,Fished,Special Purpose Zone (Mining Exclusion) (IUCN VI),TRUE,26.1,Ryan Simms,Bri Beaulieu,Yes,Yes,,1827,1828,1797,Yes,Yes,Yes,Yes,Yes,Yes,Bri Beaulieu,Bri Beaulieu,25/09/2024,Bri Beaulieu,14/10/2024,
GB-BV-088,1,-33.38164833,115.0589283,2024-03-27T07:39:44+08:00,,Geographe Bay,Fished,Special Purpose Zone (Mining Exclusion) (IUCN VI),TRUE,45.4,Alex McLennan,Ryan Simms,Yes,Yes,Showed wrong opcode at start. Corrected after a few mins,15,16,1789,Yes,Yes,Yes,Yes,Yes,Yes,Bri Beaulieu,Bri Beaulieu,27/08/2024,Ryan Simms,07/10/2024,
GB-BV-089,4,-33.47998333,115.1331633,2024-03-27T14:36:59+08:00,,Geographe Bay,Fished,Special Purpose Zone (Mining Exclusion) (IUCN VI),TRUE,38.2,Alex McLennan,Ryan Simms,Yes,Yes,,21,22,1792,Yes,Yes,Yes,Yes,Yes,Yes,Bri Beaulieu,Bri Beaulieu,18/09/2024,Ryan Simms,14/10/2024,
GB-BV-090,2,-33.570325,115.311835,2024-04-02T14:31:31+08:00,,Geographe Bay,Fished,Multiple Use Zone (IUCN VI),TRUE,19.9,Ryan Simms,Bri Beaulieu,Yes,Yes,,1817,1818,1790,Yes,Yes,Yes,Yes,Yes,Yes,Bri Beaulieu,Bri Beaulieu,11/09/2024,Bri Beaulieu,15/10/2024,
GB-BV-091,1,-33.43784833,115.3956833,2024-04-03T13:09:12+08:00,,Geographe Bay,Fished,Special Purpose Zone (Mining Exclusion) (IUCN VI),TRUE,27.4,Ryan Simms,Bri Beaulieu,Yes,Yes,,1815,1816,1789,Yes,Yes,Yes,Yes,Yes,Yes,Bri Beaulieu,Bri Beaulieu,20/09/2024,Bri Beaulieu,17/10/2024,
GB-BV-092,6,-33.43227333,115.0507883,2024-03-27T11:39:55+08:00,,Geographe Bay,Fished,Special Purpose Zone (Mining Exclusion) (IUCN VI),TRUE,44.6,Alex McLennan,Ryan Simms,Yes,Yes,,95,96,1794,Yes,Yes,Yes,Yes,Yes,Yes,Bri Beaulieu,Bri Beaulieu,03/09/2024,Ryan Simms,10/10/2024,
GB-BV-093,4,-33.58396,115.26003,2024-04-02T14:51:43+08:00,,Geographe Bay,Fished,Multiple Use Zone (IUCN VI),TRUE,20.3,Ryan Simms,Bri Beaulieu,Yes,Yes,,1821,1822,1792,Yes,Yes,Yes,Yes,Yes,Yes,Bri Beaulieu,Bri Beaulieu,26/09/2024,Bri Beaulieu,15/10/2024,
GB-BV-094,6,-33.38113333,115.525585,2024-04-08T09:08:21+08:00,,Geographe Bay,Fished,Special Purpose Zone (Mining Exclusion) (IUCN VI),TRUE,19.5,Alex McLennan,Bri Beaulieu,Yes,Yes,,95,96,94,Yes,Yes,Yes,Yes,Yes,Yes,Bri Beaulieu,Bri Beaulieu,26/09/2024,Bri Beaulieu,22/10/2024,
GB-BV-095,4,-33.46984167,115.4532767,2024-04-02T11:18:59+08:00,,Geographe Bay,Fished,Special Purpose Zone (Mining Exclusion) (IUCN VI),TRUE,17.6,Ryan Simms,Bri Beaulieu,Yes,Yes,,1821,1822,1792,Yes,Yes,Yes,Yes,Yes,Yes,Bri Beaulieu,Bri Beaulieu,25/09/2024,Bri Beaulieu,14/10/2024,
GB-BV-096,9,-33.48397833,115.2848967,2024-04-03T14:13:06+08:00,,Geographe Bay,Fished,Multiple Use Zone (IUCN VI),TRUE,31,Ryan Simms,Bri Beaulieu,Yes,Yes,shows 090. No sync point,1831,1832,1799,Yes,Yes,Yes,Yes,Yes,Yes,Bri Beaulieu,Bri Beaulieu,24/09/2024,Bri Beaulieu,17/10/2024,
GB-BV-097,3,-33.54186333,115.3479833,2024-03-28T08:45:11+08:00,,Geographe Bay,Fished,Multiple Use Zone (IUCN VI),TRUE,20.1,Alex McLennan,Ryan Simms,Yes,Yes,,19,20,1791,Yes,Yes,Yes,Yes,Yes,Yes,Bri Beaulieu,Bri Beaulieu,20/09/2024,Ryan Simms,16/10/2024,
GB-BV-098,9,-33.39693,115.3750617,2024-04-08T12:16:29+08:00,,Geographe Bay,Fished,Special Purpose Zone (Mining Exclusion) (IUCN VI),TRUE,31.9,Ryan Simms,Lise Fournier-Carnoy,Yes,Yes,,31,32,99,Yes,Yes,Yes,Yes,Yes,Yes,Bri Beaulieu,Bri Beaulieu,01/10/2024,Lise Fournier-Carnoy,23/10/2024,
GB-BV-099,7,-33.37087833,115.1950633,2024-03-27T08:26:17+08:00,,Geographe Bay,Fished,Special Purpose Zone (Mining Exclusion) (IUCN VI),TRUE,42.2,Alex McLennan,Ryan Simms,Yes,Yes,"Dropped next to a decent lump -  snappers, baldies and dhueys",27,28,1797,Yes,Yes,Yes,Yes,Yes,Yes,Bri Beaulieu,Bri Beaulieu,29/08/2024,Ryan Simms,09/10/2024,
GB-BV-100,7,-33.40582167,115.2211317,2024-03-26T11:37:02+08:00,,Geographe Bay,Fished,Special Purpose Zone (Mining Exclusion) (IUCN VI),TRUE,40.1,Ryan Simms,Bri Beaulieu,Yes,Yes,,27,28,1797,Yes,Yes,Yes,Yes,Yes,Yes,Bri Beaulieu,Bri Beaulieu,19/09/2024,Bri Beaulieu,09/10/2024,
GB-BV-101,2,-33.61412667,115.24155,2024-04-09T11:50:44+08:00,,Geographe Bay,Fished,General Use Zone (IUCN VI),FALSE,13.8,Lise Fournier-Carnoy,Hannah Williams,Yes,Yes,,17,18,90,Yes,Yes,Yes,Yes,Yes,Yes,Bri Beaulieu,Bri Beaulieu,28/11/2024,Hannah Williams,19/02/2025,
GB-BV-102,2,-33.39663667,115.4916783,2024-04-08T08:32:27+08:00,,Geographe Bay,Fished,Special Purpose Zone (Mining Exclusion) (IUCN VI),TRUE,20.9,Alex McLennan,Bri Beaulieu,Yes,Yes,,17,18,90,Yes,Yes,Yes,Yes,Yes,Yes,Bri Beaulieu,Bri Beaulieu,25/09/2024,Bri Beaulieu,21/10/2024,
GB-BV-103,2,-33.42919255,115.3742252,2024-04-04T14:22:29+08:00,,Geographe Bay,Fished,Special Purpose Zone (Mining Exclusion) (IUCN VI),TRUE,30.9,Daniel Agnello,Ryan Simms,Yes,Yes,,1817,1818,1790,Yes,Yes,Yes,Yes,Yes,Yes,Bri Beaulieu,Bri Beaulieu,26/09/2024,Ryan Simms,21/10/2024,
GB-BV-104,10,-33.42724065,115.1229807,2024-03-27T12:10:23+08:00,,Geographe Bay,Fished,Special Purpose Zone (Mining Exclusion) (IUCN VI),TRUE,43,Alex McLennan,Ryan Simms,Yes,Yes,,33,34,1800,Yes,Yes,Yes,Yes,Yes,Yes,Bri Beaulieu,Bri Beaulieu,04/09/2024,Ryan Simms,11/10/2024,
GB-BV-105,8,-33.497065,115.350345,2024-04-02T12:00:02+08:00,,Geographe Bay,Fished,Multiple Use Zone (IUCN VI),TRUE,26,Ryan Simms,Bri Beaulieu,Yes,Yes,,1829,1830,1798,Yes,Yes,Yes,Yes,Yes,Yes,Bri Beaulieu,Bri Beaulieu,25/09/2024,Bri Beaulieu,14/10/2024,
GB-BV-106,5,-33.36197167,115.4078933,2024-04-08T11:48:35+08:00,,Geographe Bay,Fished,Special Purpose Zone (Mining Exclusion) (IUCN VI),TRUE,30.6,Alex McLennan,Lise Fournier-Carnoy,Yes,Yes,,23,24,93,Yes,Yes,Yes,Yes,Yes,Yes,Bri Beaulieu,Bri Beaulieu,01/10/2024,Lise Fournier-Carnoy,23/10/2024,
GB-BV-107,10,-33.365935,115.2095583,2024-04-08T15:29:33+08:00,,Geographe Bay,Fished,Special Purpose Zone (Mining Exclusion) (IUCN VI),TRUE,41,Ryan Simms,Lise Fournier-Carnoy,Yes,Yes,Good ground,33,34,0,Yes,Yes,Yes,Yes,Yes,Yes,Bri Beaulieu,Bri Beaulieu,27/09/2024,Lise Fournier-Carnoy,24/10/2024,
GB-BV-108,10,-33.43525167,115.1938533,2024-03-26T12:04:02+08:00,,Geographe Bay,Fished,Special Purpose Zone (Mining Exclusion) (IUCN VI),TRUE,38.3,Ryan Simms,Bri Beaulieu,Yes,Yes,,33,34,1800,Yes,Yes,Yes,Yes,Yes,Yes,Bri Beaulieu,Bri Beaulieu,19/09/2024,Bri Beaulieu,09/10/2024,
GB-BV-109,9,-33.53047833,115.149585,2024-03-26T15:24:30+08:00,,Geographe Bay,Fished,Multiple Use Zone (IUCN VI),TRUE,32.2,Ryan Simms,Bri Beaulieu,Yes,Yes,,31,32,1799,Yes,Yes,Yes,Yes,Yes,Yes,Bri Beaulieu,Bri Beaulieu,20/09/2024,Bri Beaulieu,10/10/2024,
GB-BV-110,3,-33.53334667,115.2194583,2024-04-05T07:54:53+08:00,,Geographe Bay,Fished,Multiple Use Zone (IUCN VI),TRUE,29.8,Bri Beaulieu,Alex McLennan,Yes,Yes,,19,20,91,Yes,Yes,Yes,Yes,Yes,Yes,Bri Beaulieu,Bri Beaulieu,25/09/2024,Alex McLennan,08/10/2024,
GB-BV-111,9,-33.421935,115.0830717,2024-03-27T11:58:31+08:00,,Geographe Bay,Fished,Special Purpose Zone (Mining Exclusion) (IUCN VI),TRUE,44.5,Bri Beaulieu,,Yes,No,SD Card corrupted. Only able to recover Right cams,31,32,1799,No,Yes,No,No,Yes,Yes,,Bri Beaulieu,05/10/2024,Alex McLennan,,
GB-BV-112,1,-33.361405,115.3645883,2024-04-08T14:21:04+08:00,,Geographe Bay,Fished,Special Purpose Zone (Mining Exclusion) (IUCN VI),TRUE,33,Ryan Simms,Lise Fournier-Carnoy,Yes,Yes,,15,16,89,Yes,Yes,Yes,Yes,Yes,Yes,Bri Beaulieu,Bri Beaulieu,01/10/2024,Lise Fournier-Carnoy,24/10/2024,
GB-BV-113,5,-33.50491973,115.0933402,2024-03-26T14:54:54+08:00,,Geographe Bay,Fished,General Use Zone (IUCN VI),FALSE,37.1,Ryan Simms,Bri Beaulieu,Yes,Yes,,23,24,1793,Yes,Yes,Yes,Yes,Yes,Yes,Bri Beaulieu,Bri Beaulieu,04/10/2024,Bri Beaulieu,09/10/2024,
GB-BV-114,1,-33.52317833,115.2143183,2024-04-05T07:46:39+08:00,,Geographe Bay,Fished,Multiple Use Zone (IUCN VI),TRUE,30.4,Bri Beaulieu,Alex McLennan,Yes,Yes,,15,16,89,Yes,Yes,Yes,Yes,Yes,Yes,Bri Beaulieu,Bri Beaulieu,24/09/2024,Alex McLennan,08/10/2024,
GB-BV-115,7,-33.56382167,115.3661017,2024-03-28T11:17:13+08:00,,Geographe Bay,Fished,Multiple Use Zone (IUCN VI),TRUE,14.7,Ryan Simms,Bri Beaulieu,Yes,Yes,,27,28,1797,Yes,Yes,Yes,Yes,Yes,Yes,Bri Beaulieu,Bri Beaulieu,10/09/2024,Bri Beaulieu,11/10/2024,
GB-BV-116,2,-33.49070667,115.4483167,2024-04-02T11:05:18+08:00,,Geographe Bay,Fished,Multiple Use Zone (IUCN VI),TRUE,15.3,Ryan Simms,Bri Beaulieu,Yes,Yes,,1817,1818,1790,Yes,Yes,Yes,Yes,Yes,Yes,Bri Beaulieu,Bri Beaulieu,11/09/2024,Bri Beaulieu,11/10/2024,
GB-BV-117,10,-33.60536,115.2181683,2024-04-04T10:23:47+08:00,,Geographe Bay,Fished,General Use Zone (IUCN VI),FALSE,15,Ryan Simms,Bri Beaulieu,Yes,Yes,,1833,1834,1800,Yes,Yes,Yes,Yes,Yes,Yes,Bri Beaulieu,Bri Beaulieu,07/10/2024,Bri Beaulieu,18/10/2024,
GB-BV-118,8,-33.4218,115.2139467,2024-03-26T11:45:17+08:00,,Geographe Bay,Fished,Special Purpose Zone (Mining Exclusion) (IUCN VI),TRUE,38.5,Ryan Simms,Bri Beaulieu,Yes,Yes,"Left bungee cord loose, resulting in cameras tilting up. Calibration may be affected for lengths",29,30,1798,Yes,Yes,Yes,Yes,Yes,Yes,Bri Beaulieu,Bri Beaulieu,19/09/2024,Bri Beaulieu,09/10/2024,
GB-BV-119,1,-33.568825,115.324995,2024-04-02T14:26:28+08:00,,Geographe Bay,Fished,Multiple Use Zone (IUCN VI),TRUE,18.9,Ryan Simms,Bri Beaulieu,Yes,Yes,,1815,1816,1789,Yes,Yes,Yes,Yes,Yes,Yes,Bri Beaulieu,Bri Beaulieu,11/09/2024,Bri Beaulieu,14/10/2024,
GB-BV-120,7,-33.48023833,115.3055483,2024-04-03T14:02:54+08:00,,Geographe Bay,Fished,Special Purpose Zone (Mining Exclusion) (IUCN VI),TRUE,30.4,Ryan Simms,Bri Beaulieu,Yes,Yes,,1827,1828,1797,Yes,No,Yes,Yes,No,No,Bri Beaulieu,,24/09/2024,Bri Beaulieu,17/10/2024,
GB-BV-121,3,-33.60616667,115.13733,2024-04-09T08:38:28+08:00,,Geographe Bay,Fished,General Use Zone (IUCN VI),FALSE,8.5,Lise Fournier-Carnoy,Hannah Williams,Yes,Yes,,19,20,91,Yes,Yes,Yes,Yes,Yes,Yes,Bri Beaulieu,Bri Beaulieu,27/11/2024,Hannah Williams,18/02/2025,
GB-BV-122,3,-33.45115333,115.1287083,2024-03-27T11:16:19+08:00,,Geographe Bay,Fished,Special Purpose Zone (Mining Exclusion) (IUCN VI),TRUE,41.5,Alex McLennan,Ryan Simms,Yes,Yes,"Showed wrong sample number (caught and restarted video with right opcode), then had to be reeled in because bait bag fell off",19,20,1791,Yes,No,Yes,Yes,No,No,Bri Beaulieu,,02/09/2024,Ryan Simms,09/10/2024,
GB-BV-123,6,-33.51121333,115.4146733,2024-04-03T10:20:32+08:00,,Geographe Bay,Fished,Multiple Use Zone (IUCN VI),TRUE,15.7,Lise Fournier-Carnoy,Ryan Simms,Yes,Yes,,1795,1796,1794,Yes,No,Yes,Yes,No,No,Bri Beaulieu,,16/11/2024,Ryan Simms,18/10/2024,
GB-BV-124,10,-33.40978667,115.5011533,2024-04-08T09:31:42+08:00,,Geographe Bay,Fished,Special Purpose Zone (Mining Exclusion) (IUCN VI),TRUE,19.2,Alex McLennan,Bri Beaulieu,Yes,Yes,,33,34,0,Yes,Yes,Yes,Yes,Yes,Yes,Bri Beaulieu,Bri Beaulieu,27/09/2024,Bri Beaulieu,22/10/2024,
GB-BV-125,7,-33.51081167,115.1458983,2024-03-26T15:15:10+08:00,,Geographe Bay,Fished,Multiple Use Zone (IUCN VI),TRUE,34.2,Ryan Simms,Bri Beaulieu,Yes,Yes,,27,28,1797,Yes,Yes,Yes,Yes,Yes,Yes,Bri Beaulieu,Bri Beaulieu,20/09/2024,Bri Beaulieu,10/10/2024,
GB-BV-126,7,-33.53928167,115.185275,2024-04-05T08:12:44+08:00,,Geographe Bay,Fished,Multiple Use Zone (IUCN VI),TRUE,30.7,Bri Beaulieu,Alex McLennan,Yes,Yes,,27,28,97,Yes,Yes,Yes,Yes,Yes,Yes,Bri Beaulieu,Bri Beaulieu,30/09/2024,Alex McLennan,08/10/2024,
GB-BV-127,8,-33.35644333,115.23133,2024-04-08T15:18:50+08:00,,Geographe Bay,Fished,Special Purpose Zone (Mining Exclusion) (IUCN VI),TRUE,38.7,Ryan Simms,Lise Fournier-Carnoy,Yes,Yes,,29,30,98,Yes,Yes,Yes,Yes,Yes,Yes,Bri Beaulieu,Bri Beaulieu,27/09/2024,Lise Fournier-Carnoy,24/10/2024,
GB-BV-128,6,-33.37047393,115.3129583,2024-04-08T14:56:06+08:00,,Geographe Bay,Fished,Special Purpose Zone (Mining Exclusion) (IUCN VI),TRUE,35.8,Ryan Simms,Lise Fournier-Carnoy,Yes,Yes,Shown 126 meant to be 128 ,95,96,94,Yes,Yes,Yes,Yes,Yes,Yes,Bri Beaulieu,Bri Beaulieu,30/09/2024,Lise Fournier-Carnoy,24/10/2024,postcal used
GB-BV-129,3,-33.49572,115.1385783,2024-03-26T14:35:38+08:00,,Geographe Bay,Fished,Multiple Use Zone (IUCN VI),TRUE,35.8,Bri Beaulieu,,Yes,No,Right camera DOA. File restored on go pro. Only 11 minutes of right video,19,20,1791,Yes,Yes,Yes,Yes,Yes,Yes,Bri Beaulieu,Bri Beaulieu,03/10/2024,,,
GB-BV-130,8,-33.37896833,115.1742217,2024-03-27T08:33:36+08:00,,Geographe Bay,Fished,Special Purpose Zone (Mining Exclusion) (IUCN VI),TRUE,42.1,Alex McLennan,Ryan Simms,Yes,Yes,,29,30,1798,Yes,Yes,Yes,Yes,Yes,Yes,Bri Beaulieu,Bri Beaulieu,29/08/2024,Ryan Simms,09/10/2024,
GB-BV-131,5,-33.55774,115.3569867,2024-03-28T09:00:55+08:00,,Geographe Bay,Fished,Multiple Use Zone (IUCN VI),TRUE,15.9,Daniel Agnello,Ryan Simms,Yes,Yes,,23,24,1793,Yes,Yes,Yes,Yes,Yes,Yes,Bri Beaulieu,Bri Beaulieu,05/09/2024,Ryan Simms,16/10/2024,
GB-BV-132,3,-33.47755,115.4602383,2024-04-02T11:12:55+08:00,,Geographe Bay,Fished,Special Purpose Zone (Mining Exclusion) (IUCN VI),TRUE,15.3,Ryan Simms,Bri Beaulieu,Yes,Yes,,1819,1820,1791,Yes,Yes,Yes,Yes,Yes,Yes,Bri Beaulieu,Bri Beaulieu,25/09/2024,Bri Beaulieu,11/10/2024,
GB-BV-133,7,-33.60677193,115.1879363,2024-04-09T09:16:18+08:00,,Geographe Bay,Fished,General Use Zone (IUCN VI),FALSE,13.1,Lise Fournier-Carnoy,Hannah Williams,Yes,Yes,,27,28,97,Yes,Yes,Yes,Yes,Yes,Yes,Bri Beaulieu,Bri Beaulieu,17/11/2024,Hannah Williams,19/02/2025,
GB-BV-134,9,-33.430925,115.2495,2024-03-26T09:02:41+08:00,,Geographe Bay,Fished,Special Purpose Zone (Mining Exclusion) (IUCN VI),TRUE,37.4,Ryan Simms,Bri Beaulieu,Yes,Yes,,31,32,1799,Yes,Yes,Yes,Yes,Yes,Yes,Bri Beaulieu,Bri Beaulieu,29/08/2024,Bri Beaulieu,08/10/2024,
GB-BV-135,7,-33.589065,115.33537,2024-03-28T14:04:15+08:00,,Geographe Bay,Fished,General Use Zone (IUCN VI),FALSE,14.6,Lise Fournier-Carnoy,Bri Beaulieu,Yes,Yes,Amened lengths 26/11 RS,27,28,1797,Yes,Yes,Yes,Yes,Yes,Yes,Bri Beaulieu,Bri Beaulieu,16/11/2024,Claude Spencer,28/10/2024,
GB-BV-136,6,-33.47130667,115.3138483,2024-04-03T13:57:59+08:00,,Geographe Bay,Fished,Special Purpose Zone (Mining Exclusion) (IUCN VI),TRUE,30.3,Ryan Simms,Bri Beaulieu,Yes,Yes,,1795,1796,1794,Yes,No,Yes,Yes,No,No,Bri Beaulieu,,24/09/2024,Bri Beaulieu,17/10/2024,
GB-BV-137,2,-33.59381333,115.11252,2024-04-09T08:28:57+08:00,,Geographe Bay,Fished,General Use Zone (IUCN VI),FALSE,10.3,Lise Fournier-Carnoy,Hannah Williams,Yes,Yes,,17,18,90,Yes,Yes,Yes,Yes,Yes,Yes,Bri Beaulieu,Bri Beaulieu,26/11/2024,Hannah Williams,20/02/2025,
GB-BV-138,7,-33.41410167,115.0542,2024-03-27T11:47:12+08:00,,Geographe Bay,Fished,Special Purpose Zone (Mining Exclusion) (IUCN VI),TRUE,45.6,Alex McLennan,Ryan Simms,Yes,Yes,,27,28,1797,Yes,Yes,Yes,Yes,Yes,Yes,Bri Beaulieu,Bri Beaulieu,03/09/2024,Ryan Simms,11/10/2024,
GB-BV-139,1,-33.563385,115.4535067,2024-04-03T09:52:06+08:00,,Geographe Bay,Fished,,FALSE,8.53,Lise Fournier-Carnoy,Bri Beaulieu,Yes,Yes,"forward cam facing up, no habitat. Amened lengths 27/11 RS",1815,1816,1789,Yes,Yes,Yes,Yes,Yes,Yes,Bri Beaulieu,Bri Beaulieu,13/11/2024,Claude Spencer,25/10/2024,
GB-BV-140,8,-33.40608,115.5118167,2024-04-08T09:26:13+08:00,,Geographe Bay,Fished,Special Purpose Zone (Mining Exclusion) (IUCN VI),TRUE,18.5,Alex McLennan,Bri Beaulieu,Yes,Yes,,29,30,98,Yes,Yes,Yes,Yes,Yes,Yes,Bri Beaulieu,Bri Beaulieu,26/09/2024,Bri Beaulieu,22/10/2024,
GB-BV-141,6,-33.47655333,115.09751,2024-03-27T14:50:15+08:00,,Geographe Bay,Fished,Special Purpose Zone (Mining Exclusion) (IUCN VI),TRUE,39.6,Alex McLennan,Ryan Simms,Yes,Yes,,95,96,1794,Yes,Yes,Yes,Yes,Yes,Yes,Bri Beaulieu,Bri Beaulieu,19/09/2024,Ryan Simms,14/10/2024,
GB-BV-142,6,-33.54510667,115.19444,2024-04-05T08:08:59+08:00,,Geographe Bay,Fished,Multiple Use Zone (IUCN VI),TRUE,30,Bri Beaulieu,Alex McLennan,Yes,Yes,,95,96,94,Yes,Yes,Yes,Yes,Yes,Yes,Bri Beaulieu,Bri Beaulieu,30/09/2024,Alex McLennan,08/10/2024,
GB-BV-143,9,-33.35121333,115.228685,2024-04-08T15:21:32+08:00,,Geographe Bay,Fished,Special Purpose Zone (Mining Exclusion) (IUCN VI),TRUE,38.6,Ryan Simms,Lise Fournier-Carnoy,Yes,Yes,,31,32,99,Yes,Yes,Yes,Yes,Yes,Yes,Bri Beaulieu,Bri Beaulieu,27/09/2024,Lise Fournier-Carnoy,24/10/2024,
GB-BV-144,9,-33.43546833,115.47751,2024-04-04T15:07:48+08:00,,Geographe Bay,Fished,Special Purpose Zone (Mining Exclusion) (IUCN VI),TRUE,19.3,Ryan Simms,,Yes,No,Left cam turned off before drop. MaxN using right cam,1831,1832,1799,Yes,Yes,,,Yes,Yes,,Bri Beaulieu,04/10/2024,,,
GB-BV-145,3,-33.47739167,115.1483867,2024-03-27T14:31:32+08:00,,Geographe Bay,Fished,Special Purpose Zone (Mining Exclusion) (IUCN VI),TRUE,37,Alex McLennan,Ryan Simms,Yes,Yes,,19,20,1791,Yes,No,Yes,Yes,No,No,Bri Beaulieu,,04/09/2024,Ryan Simms,14/10/2024,
GB-BV-146,3,-33.37415167,115.0839233,2024-03-27T07:49:47+08:00,,Geographe Bay,Fished,Special Purpose Zone (Mining Exclusion) (IUCN VI),TRUE,43.2,Alex McLennan,Ryan Simms,Yes,Yes,Right camera was off on retrieval but available for full period,19,20,1791,Yes,Yes,Yes,Yes,Yes,Yes,Bri Beaulieu,Bri Beaulieu,28/08/2024,Ryan Simms,08/10/2024,
GB-BV-147,5,-33.514795,115.4041117,2024-04-03T10:16:39+08:00,,Geographe Bay,Fished,Multiple Use Zone (IUCN VI),TRUE,16.9,Alex McLennan,Ryan Simms,Yes,Yes,,1823,1824,1793,Yes,Yes,Yes,Yes,Yes,Yes,Bri Beaulieu,Bri Beaulieu,12/09/2024,Ryan Simms,18/10/2024,
GB-BV-148,10,-33.44606167,115.4819733,2024-04-04T15:12:48+08:00,,Geographe Bay,Fished,Special Purpose Zone (Mining Exclusion) (IUCN VI),TRUE,17.7,Bri Beaulieu,Alex McLennan,Yes,Yes,,1833,1834,1800,Yes,Yes,Yes,Yes,Yes,Yes,Bri Beaulieu,Bri Beaulieu,02/10/2024,Alex McLennan,07/10/2024,
GB-BV-149,6,-33.56550667,115.2484367,2024-04-02T14:59:52+08:00,,Geographe Bay,Fished,Multiple Use Zone (IUCN VI),TRUE,24.1,Ryan Simms,Bri Beaulieu,Yes,Yes,,1795,1796,1794,Yes,Yes,Yes,Yes,Yes,Yes,Bri Beaulieu,Bri Beaulieu,26/09/2024,Bri Beaulieu,15/10/2024,
GB-BV-150,10,-33.42284,115.2642533,2024-03-26T09:08:53+08:00,,Geographe Bay,Fished,Special Purpose Zone (Mining Exclusion) (IUCN VI),TRUE,37.2,Ryan Simms,Bri Beaulieu,Yes,Yes,,33,34,1800,Yes,Yes,Yes,Yes,Yes,Yes,Bri Beaulieu,Bri Beaulieu,29/08/2024,Bri Beaulieu,08/10/2024,
GB-BV-151,4,-33.52001667,115.4067183,2024-04-03T10:13:58+08:00,,Geographe Bay,Fished,Multiple Use Zone (IUCN VI),TRUE,15.1,Ryan Simms,Bri Beaulieu,Yes,Yes,,1821,1822,1792,Yes,Yes,Yes,Yes,Yes,Yes,Bri Beaulieu,Bri Beaulieu,12/09/2024,Bri Beaulieu,17/10/2024,
GB-BV-152,4,-33.42169833,115.3884317,2024-04-04T14:31:31+08:00,,Geographe Bay,Fished,Special Purpose Zone (Mining Exclusion) (IUCN VI),TRUE,29.8,Alex McLennan,Ryan Simms,Yes,Yes,,1821,1822,1792,Yes,Yes,Yes,Yes,Yes,Yes,Bri Beaulieu,Bri Beaulieu,02/10/0224,Ryan Simms,21/10/2024,
GB-BV-153,4,-33.55604,115.07529,2024-04-05T10:49:49+08:00,,Geographe Bay,Fished,General Use Zone (IUCN VI),FALSE,15.1,Lise Fournier-Carnoy,,Yes,No,right cam files missing ,21,22,92,Yes,Yes,Yes,Yes,Yes,Yes,Bri Beaulieu,Bri Beaulieu,25/11/2024,Hannah Williams,19/02/2025,
GB-BV-154,10,-33.395695,115.1074067,2024-03-27T08:59:45+08:00,,Geographe Bay,Fished,Special Purpose Zone (Mining Exclusion) (IUCN VI),TRUE,44.6,Alex McLennan,Ryan Simms,Yes,Yes,,33,34,1800,Yes,Yes,Yes,Yes,Yes,Yes,Bri Beaulieu,Bri Beaulieu,30/08/2024,Ryan Simms,09/10/2024,
GB-BV-155,9,-33.52397667,115.489865,2024-04-03T10:50:35+08:00,,Geographe Bay,Fished,,FALSE,8.57,Lise Fournier-Carnoy,Bri Beaulieu,Yes,Yes,Amened lengths 27/11 RS,1831,1832,1799,Yes,Yes,Yes,Yes,Yes,Yes,Bri Beaulieu,Bri Beaulieu,14/11/2024,Claude Spencer,28/10/2024,
GB-BV-156,9,-33.40552333,115.5056067,2024-04-08T09:28:55+08:00,,Geographe Bay,Fished,Special Purpose Zone (Mining Exclusion) (IUCN VI),TRUE,19.1,Alex McLennan,Bri Beaulieu,Yes,Yes,,31,32,99,Yes,Yes,Yes,Yes,Yes,Yes,Bri Beaulieu,Bri Beaulieu,27/09/2024,Bri Beaulieu,22/10/2024,
GB-BV-157,10,-33.46128571,115.0903647,2024-03-27T15:20:03+08:00,,Geographe Bay,Fished,Special Purpose Zone (Mining Exclusion) (IUCN VI),TRUE,42.1,Alex McLennan,Ryan Simms,Yes,Yes,,33,34,1800,Yes,Yes,Yes,Yes,Yes,Yes,Bri Beaulieu,Bri Beaulieu,20/09/2024,Ryan Simms,15/10/2024,
GB-BV-158,2,-33.52736667,115.21068,2024-04-05T07:50:04+08:00,,Geographe Bay,Fished,Multiple Use Zone (IUCN VI),TRUE,30.8,Bri Beaulieu,Alex McLennan,Yes,Yes,Skipper says something weird at bottom,17,18,90,Yes,Yes,Yes,Yes,Yes,Yes,Bri Beaulieu,Bri Beaulieu,25/09/2024,Alex McLennan,08/10/2024,
GB-BV-159,7,-33.35858667,115.2511433,2024-04-08T15:12:23+08:00,,Geographe Bay,Fished,Special Purpose Zone (Mining Exclusion) (IUCN VI),TRUE,38.6,Ryan Simms,Lise Fournier-Carnoy,Yes,Yes,,27,28,97,Yes,Yes,Yes,Yes,Yes,Yes,Bri Beaulieu,Bri Beaulieu,30/09/2024,Lise Fournier-Carnoy,24/10/2024,
GB-BV-160,1,-33.492975,115.4243233,2024-04-02T10:56:03+08:00,,Geographe Bay,Fished,Multiple Use Zone (IUCN VI),TRUE,16.8,Ryan Simms,Bri Beaulieu,Yes,Yes,,1815,1816,1789,Yes,Yes,Yes,Yes,Yes,Yes,Bri Beaulieu,Bri Beaulieu,11/09/2024,Bri Beaulieu,11/10/2024,
GB-BV-161,5,-33.478095,115.11111,2024-03-27T14:49:06+08:00,,Geographe Bay,Fished,Special Purpose Zone (Mining Exclusion) (IUCN VI),TRUE,40.2,Alex McLennan,Ryan Simms,Yes,Yes,,23,24,1793,Yes,Yes,Yes,Yes,Yes,Yes,Bri Beaulieu,Bri Beaulieu,,Ryan Simms,14/10/2024,
GB-BV-162,6,-33.44323167,115.2744,2024-03-26T08:37:20+08:00,,Geographe Bay,Fished,Special Purpose Zone (Mining Exclusion) (IUCN VI),TRUE,35.1,Ryan Simms,Bri Beaulieu,Yes,Yes,,95,96,1794,Yes,Yes,Yes,Yes,Yes,Yes,Bri Beaulieu,Bri Beaulieu,28/08/2024,Alex McLennan,08/10/2024,
GB-BV-163,5,-33.62633667,115.366345,2024-03-28T13:40:03+08:00,,Geographe Bay,Fished,General Use Zone (IUCN VI),FALSE,5.21,Lise Fournier-Carnoy,Ryan Simms,Yes,Yes,Wrong opcode showed at first (175). Then correct (163),23,24,1793,Yes,Yes,Yes,Yes,Yes,Yes,Bri Beaulieu,Bri Beaulieu,31/10/2024,Claude Spencer,26/11/2024,
GB-BV-164,8,-33.43171167,115.4812283,2024-04-04T15:05:16+08:00,,Geographe Bay,Fished,Special Purpose Zone (Mining Exclusion) (IUCN VI),TRUE,19.6,Ryan Simms,Bri Beaulieu,Yes,Yes,,1829,1830,1798,Yes,Yes,Yes,Yes,Yes,Yes,Bri Beaulieu,Bri Beaulieu,02/10/2024,Bri Beaulieu,18/10/2024,
GB-BV-165,4,-33.61565,115.1363333,2024-04-09T08:43:55+08:00,,Geographe Bay,Fished,General Use Zone (IUCN VI),FALSE,6.2,Lise Fournier-Carnoy,Hannah Williams,Yes,Yes,"left footage was missing, right loaded as left. Left footage found - loaded as right",21,22,92,Yes,Yes,Yes,Yes,Yes,Yes,Bri Beaulieu,Bri Beaulieu,29/01/2025,Hannah Williams,18/02/2025,
GB-BV-166,6,-33.400815,115.2408267,2024-03-26T11:29:45+08:00,,Geographe Bay,Fished,Special Purpose Zone (Mining Exclusion) (IUCN VI),TRUE,39.2,Ryan Simms,Bri Beaulieu,Yes,Yes,,95,96,1794,Yes,Yes,Yes,Yes,Yes,Yes,Bri Beaulieu,Bri Beaulieu,18/09/2024,Bri Beaulieu,09/10/2024,
GB-BV-167,7,-33.50890667,115.4388267,2024-04-03T10:28:47+08:00,,Geographe Bay,Fished,Multiple Use Zone (IUCN VI),TRUE,13.7,Lise Fournier-Carnoy,Ryan Simms,Yes,Yes,Amened lengths 27/11 RS,1827,1828,1797,Yes,No,Yes,Yes,No,No,Bri Beaulieu,,14/11/2024,Claude Spencer,21/10/2024,
GB-BV-168,1,-33.40909,115.4946817,2024-04-08T08:27:34+08:00,,Geographe Bay,Fished,Special Purpose Zone (Mining Exclusion) (IUCN VI),TRUE,19.6,Alex McLennan,Bri Beaulieu,Yes,Yes,,15,16,89,Yes,Yes,Yes,Yes,Yes,Yes,Bri Beaulieu,Bri Beaulieu,24/09/2024,Bri Beaulieu,21/10/2024,
GB-BV-169,1,-33.57854,115.1049317,2024-04-09T08:18:08+08:00,,Geographe Bay,Fished,General Use Zone (IUCN VI),FALSE,17.6,Lise Fournier-Carnoy,Hannah Williams,Yes,Yes,,15,16,89,Yes,Yes,Yes,Yes,Yes,Yes,Bri Beaulieu,Bri Beaulieu,26/11/2024,Hannah Williams,17/02/2025,
GB-BV-170,2,-33.382865,115.0759483,2024-03-27T07:45:30+08:00,,Geographe Bay,Fished,Special Purpose Zone (Mining Exclusion) (IUCN VI),TRUE,44.5,Alex McLennan,Ryan Simms,Yes,Yes,,17,18,1790,Yes,Yes,Yes,Yes,Yes,Yes,Bri Beaulieu,Bri Beaulieu,27/08/2024,Ryan Simms,08/10/2024,
GB-BV-171,8,-33.40711333,115.38755,2024-04-08T12:10:14+08:00,,Geographe Bay,Fished,Special Purpose Zone (Mining Exclusion) (IUCN VI),TRUE,30.6,Ryan Simms,Alex McLennan,Yes,Yes,op code reads 176,29,30,98,Yes,Yes,Yes,Yes,Yes,Yes,Bri Beaulieu,Bri Beaulieu,01/10/2024,Alex McLennan,17/10/2024,
GB-BV-172,7,-33.37986833,115.53617,2024-04-08T09:13:28+08:00,,Geographe Bay,Fished,Special Purpose Zone (Mining Exclusion) (IUCN VI),TRUE,17.5,Alex McLennan,Bri Beaulieu,Yes,Yes,,27,28,97,Yes,Yes,Yes,Yes,Yes,Yes,Bri Beaulieu,Bri Beaulieu,26/09/2024,Bri Beaulieu,22/10/2024,
GB-BV-173,1,-33.60468,115.211945,2024-04-09T11:40:14+08:00,,Geographe Bay,Fished,General Use Zone (IUCN VI),FALSE,14.7,Lise Fournier-Carnoy,Hannah Williams,Yes,Yes,,15,16,89,Yes,Yes,Yes,Yes,Yes,Yes,Bri Beaulieu,Bri Beaulieu,28/11/2024,Hannah Williams,20/02/2025,
GB-BV-174,8,-33.44019167,115.248115,2024-03-26T08:50:55+08:00,,Geographe Bay,Fished,Special Purpose Zone (Mining Exclusion) (IUCN VI),TRUE,36.8,Ryan Simms,Bri Beaulieu,Yes,Yes,,29,30,1798,Yes,Yes,Yes,Yes,Yes,Yes,Bri Beaulieu,Bri Beaulieu,29/08/2024,Bri Beaulieu,08/10/2024,
GB-BV-175,6,-33.597955,115.3274317,2024-03-28T13:56:51+08:00,,Geographe Bay,Fished,General Use Zone (IUCN VI),FALSE,13.4,Lise Fournier-Carnoy,Ryan Simms,Yes,Yes,Added MaxN (1 parilus) ,95,96,1794,Yes,Yes,Yes,Yes,Yes,Yes,Bri Beaulieu,Bri Beaulieu,31/10/2024,Claude Spencer,26/11/2024,
GB-BV-176,7,-33.428735,115.4980467,2024-04-04T14:59:14+08:00,,Geographe Bay,Fished,Special Purpose Zone (Mining Exclusion) (IUCN VI),TRUE,17.9,Ryan Simms,Bri Beaulieu,Yes,Yes,,1827,1828,1797,Yes,Yes,Yes,Yes,Yes,Yes,Bri Beaulieu,Bri Beaulieu,02/10/2024,Bri Beaulieu,18/10/2024,
GB-BV-177,8,-33.53635167,115.2463467,2024-04-02T15:13:24+08:00,,Geographe Bay,Fished,Multiple Use Zone (IUCN VI),TRUE,27.5,Ryan Simms,Bri Beaulieu,Yes,Yes,,1829,1830,1798,Yes,Yes,Yes,Yes,Yes,Yes,Bri Beaulieu,Bri Beaulieu,26/09/2024,Bri Beaulieu,15/10/2024,
GB-BV-178,5,-33.453335,115.1051033,2024-03-27T11:24:26+08:00,,Geographe Bay,Fished,Special Purpose Zone (Mining Exclusion) (IUCN VI),TRUE,41,Alex McLennan,Ryan Simms,Yes,Yes,,23,24,1793,Yes,Yes,Yes,Yes,Yes,Yes,Bri Beaulieu,Bri Beaulieu,03/09/2024,Ryan Simms,09/10/2024,
GB-BV-179,10,-33.37656333,115.3722683,2024-04-08T12:24:58+08:00,,Geographe Bay,Fished,Special Purpose Zone (Mining Exclusion) (IUCN VI),TRUE,32.5,Ryan Simms,Lise Fournier-Carnoy,Yes,Yes,,33,34,0,Yes,Yes,Yes,Yes,Yes,Yes,Bri Beaulieu,Bri Beaulieu,01/10/2024,Lise Fournier-Carnoy,23/10/2024,
GB-BV-180,5,-33.3559,115.53636,2024-04-08T08:58:30+08:00,,Geographe Bay,Fished,Special Purpose Zone (Mining Exclusion) (IUCN VI),TRUE,20.1,Alex McLennan,Bri Beaulieu,Yes,Yes,,23,24,93,Yes,Yes,Yes,Yes,Yes,Yes,Bri Beaulieu,Bri Beaulieu,25/09/2024,Bri Beaulieu,22/10/2024,
GB-BV-181,6,-33.58522333,115.22656,2024-04-05T13:03:51+08:00,,Geographe Bay,Fished,Habitat Protection Zone (IUCN IV),TRUE,21.9,Bri Beaulieu,Alex McLennan,Yes,Yes,"Showed 182 instead of 181, and also showed system 5, then showed 183 system 6? Precals pretty bad, post cals work",95,96,94,Yes,Yes,Yes,Yes,Yes,Yes,Bri Beaulieu,Bri Beaulieu,02/10/2024,Alex McLennan,14/10/2024,
GB-BV-182,5,-33.58086333,115.2221283,2024-04-05T13:00:50+08:00,,Geographe Bay,Fished,Habitat Protection Zone (IUCN IV),TRUE,23.1,,,No,No,Files missing,23,24,93,No,Yes,No,No,Yes,Yes,,Bri Beaulieu,,,,
GB-BV-183,7,-33.58205667,115.22953,2024-04-05T13:06:00+08:00,,Geographe Bay,Fished,Habitat Protection Zone (IUCN IV),TRUE,22.8,Ryan Simms,Alex McLennan,Yes,Yes,,27,28,97,Yes,Yes,,,Yes,Yes,,Bri Beaulieu,02/10/2024,Alex McLennan,14/10/2024,
GB-BV-184,1,-33.57135,115.203215,2024-04-05T12:44:37+08:00,,Geographe Bay,Fished,Habitat Protection Zone (IUCN IV),TRUE,25.4,Bri Beaulieu,Alex McLennan,Yes,Yes,,15,16,89,Yes,Yes,Yes,Yes,Yes,Yes,Bri Beaulieu,Bri Beaulieu,01/10/2024,Alex McLennan,09/10/2024,
GB-BV-185,2,-33.574975,115.2093333,2024-04-05T12:48:08+08:00,,Geographe Bay,Fished,Habitat Protection Zone (IUCN IV),TRUE,24.3,Bri Beaulieu,Alex McLennan,Yes,Yes,,17,18,90,Yes,Yes,Yes,Yes,Yes,Yes,Bri Beaulieu,Bri Beaulieu,01/10/2024,Alex McLennan,09/10/2024,
GB-BV-186,8,-33.60228667,115.2273167,2024-04-05T13:21:24+08:00,,Geographe Bay,Fished,Habitat Protection Zone (IUCN IV),TRUE,17.1,Ryan Simms,Alex McLennan,Yes,Yes,,29,30,98,Yes,Yes,Yes,Yes,Yes,Yes,Bri Beaulieu,Bri Beaulieu,02/10/2024,Alex McLennan,14/10/2024,
GB-BV-187,3,-33.56947,115.2146417,2024-04-05T12:51:59+08:00,,Geographe Bay,Fished,Habitat Protection Zone (IUCN IV),TRUE,25.3,Bri Beaulieu,Alex McLennan,Yes,Yes,,19,20,91,Yes,Yes,Yes,Yes,Yes,Yes,Bri Beaulieu,Bri Beaulieu,01/10/2024,Alex McLennan,09/10/2024,
GB-BV-188,9,-33.60177,115.2227417,2024-04-05T13:17:20+08:00,,Geographe Bay,Fished,Habitat Protection Zone (IUCN IV),TRUE,17.1,Ryan Simms,Alex McLennan,Yes,Yes,,31,32,99,Yes,Yes,Yes,Yes,Yes,Yes,Bri Beaulieu,Bri Beaulieu,02/10/2024,Alex McLennan,14/10/2024,
GB-BV-189,5,-33.55209,115.201985,2024-04-05T08:04:25+08:00,,Geographe Bay,Fished,Habitat Protection Zone (IUCN IV),TRUE,28.6,Bri Beaulieu,Alex McLennan,Yes,Yes,,23,24,93,Yes,Yes,Yes,Yes,Yes,Yes,Bri Beaulieu,Bri Beaulieu,26/09/2024,Alex McLennan,08/10/2024,
GB-BV-190,9,-33.54091667,115.2165983,2024-04-05T08:48:44+08:00,,Geographe Bay,Fished,Habitat Protection Zone (IUCN IV),TRUE,30.4,Bri Beaulieu,Alex McLennan,Yes,Yes,"left cam stopped mid drop, cable was changed (loose connection?)- showed 109 not 190- full period available for maxn and lengths ",31,32,99,Yes,Yes,Yes,Yes,Yes,Yes,Bri Beaulieu,Bri Beaulieu,01/10/2024,Alex McLennan,09/10/2024,
GB-BV-191,4,-33.546885,115.205465,2024-04-05T08:01:34+08:00,,Geographe Bay,Fished,Habitat Protection Zone (IUCN IV),TRUE,29.5,Bri Beaulieu,Alex McLennan,Yes,Yes,,21,22,92,Yes,Yes,Yes,Yes,Yes,Yes,Bri Beaulieu,Bri Beaulieu,25/09/2024,Alex McLennan,08/10/2024,
GB-BV-192,4,-33.56676,115.2197467,2024-04-05T12:54:43+08:00,,Geographe Bay,Fished,Habitat Protection Zone (IUCN IV),TRUE,26,Bri Beaulieu,,Yes,No,No right cam ,21,22,92,Yes,Yes,Yes,Yes,Yes,Yes,Bri Beaulieu,Bri Beaulieu,02/10/2024,Alex McLennan,,
GB-BV-193,8,-33.54903167,115.22523,2024-04-05T08:43:32+08:00,,Geographe Bay,Fished,Habitat Protection Zone (IUCN IV),TRUE,27.4,Bri Beaulieu,Alex McLennan,Yes,Yes,Showed GB-BV-053,29,30,98,Yes,Yes,Yes,Yes,Yes,Yes,Bri Beaulieu,Bri Beaulieu,30/09/2024,Alex McLennan,09/10/2024,
GB-BV-194,10,-33.59136167,115.21345,2024-04-05T13:27:30+08:00,,Geographe Bay,Fished,Habitat Protection Zone (IUCN IV),TRUE,18.5,Ryan Simms,Alex McLennan,Yes,Yes,Left cam stopped mid drop. Loose connection?  (full period here for maxn and length- bri),33,34,0,Yes,Yes,Yes,Yes,Yes,Yes,Bri Beaulieu,Bri Beaulieu,01/10/2024,Alex McLennan,15/10/2024,
GB-BV-195,10,-33.53818167,115.2244333,2024-04-05T08:52:16+08:00,,Geographe Bay,Fished,Habitat Protection Zone (IUCN IV),TRUE,28.3,Ryan Simms,,Yes,No,"Left cam off on before drop, MaxN using right cam files",33,34,0,Yes,Yes,,,Yes,Yes,,Bri Beaulieu,02/10/2024,,,
GB-BV-196,5,-33.55924833,115.3959233,2024-03-28T11:06:06+08:00,,Geographe Bay,No-take,National Park Zone (IUCN II),TRUE,14.3,Ryan Simms,Bri Beaulieu,Yes,Yes,,23,24,1793,Yes,Yes,Yes,Yes,Yes,Yes,Bri Beaulieu,Bri Beaulieu,10/09/2024,Bri Beaulieu,11/10/2024,
GB-BV-197,1,-33.571865,115.3841717,2024-03-28T13:03:11+08:00,,Geographe Bay,No-take,National Park Zone (IUCN II),TRUE,14.2,Alex McLennan,Ryan Simms,Yes,Yes,,15,16,1789,Yes,Yes,Yes,Yes,Yes,Yes,Bri Beaulieu,Bri Beaulieu,12/09/2024,Ryan Simms,17/10/2024,
GB-BV-198,1,-33.531575,115.3748533,2024-03-28T08:31:25+08:00,,Geographe Bay,No-take,National Park Zone (IUCN II),TRUE,19.5,Alex McLennan,Ryan Simms,Yes,Yes,,15,16,1789,Yes,Yes,Yes,Yes,Yes,Yes,Bri Beaulieu,Bri Beaulieu,06/09/2024,Ryan Simms,15/10/2024,
GB-BV-199,9,-33.540205,115.367465,2024-03-28T09:16:05+08:00,,Geographe Bay,No-take,National Park Zone (IUCN II),TRUE,18.2,Ryan Simms,Bri Beaulieu,Yes,Yes,,31,32,1799,Yes,Yes,Yes,Yes,Yes,Yes,Bri Beaulieu,Bri Beaulieu,09/09/2024,Bri Beaulieu,10/10/2024,
GB-BV-200,7,-33.55172333,115.3636917,2024-03-28T09:07:24+08:00,,Geographe Bay,No-take,National Park Zone (IUCN II),TRUE,16.9,Ryan Simms,,Yes,No,"Lights turned off during drop, also left cam (27) turned off before entering water",27,28,1797,Yes,Yes,Yes,Yes,Yes,Yes,Bri Beaulieu,Bri Beaulieu,10/09/2024,,,"No left video files, MaxN with right video file"
GB-BV-201,3,-33.545515,115.3981583,2024-03-28T10:58:22+08:00,,Geographe Bay,No-take,National Park Zone (IUCN II),TRUE,14.7,Alex McLennan,Ryan Simms,Yes,Yes,,19,20,1791,Yes,Yes,Yes,Yes,Yes,Yes,Bri Beaulieu,Bri Beaulieu,10/09/2024,Ryan Simms,17/10/2024,
GB-BV-202,10,-33.55389833,115.3864833,2024-03-28T11:34:03+08:00,,Geographe Bay,No-take,National Park Zone (IUCN II),TRUE,14.5,Daniel Agnello,Ryan Simms,Yes,Yes,,33,34,1800,Yes,Yes,Yes,Yes,Yes,Yes,Bri Beaulieu,Bri Beaulieu,09/09/2024,Ryan Simms,17/10/2024,
GB-BV-203,9,-33.55102667,115.3821133,2024-03-28T11:30:00+08:00,,Geographe Bay,No-take,National Park Zone (IUCN II),TRUE,14.4,Alex McLennan,Ryan Simms,Yes,Yes,,31,32,1799,Yes,Yes,Yes,Yes,Yes,Yes,Bri Beaulieu,Bri Beaulieu,10/09/2024,Ryan Simms,17/10/2024,
GB-BV-204,4,-33.55760282,115.3945351,2024-03-28T11:08:16+08:00,,Geographe Bay,No-take,National Park Zone (IUCN II),TRUE,14.8,Alex McLennan,Ryan Simms,Yes,Yes,,21,22,1792,Yes,Yes,Yes,Yes,Yes,Yes,Bri Beaulieu,Bri Beaulieu,10/09/2024,Ryan Simms,17/10/2024,
GB-BV-205,6,-33.55228333,115.3578967,2024-03-28T09:04:53+08:00,,Geographe Bay,No-take,National Park Zone (IUCN II),TRUE,16.7,Daniel Agnello,Lise Fournier-Carnoy,Yes,Yes,"Use postcal as precal isnt great, but postcal isnt perfect either. Bait bag obscured by seagrass so feeding was not recorded",95,96,1794,Yes,Yes,Yes,Yes,Yes,Yes,Bri Beaulieu,Bri Beaulieu,05/09/2024,Lise Fournier-Carnoy,23/10/2024,"Use postcal as precal isnt great, but postcal isnt perfect either. Bait bag obscured by seagrass so feeding was not recorded"
GB-BV-206,8,-33.55127667,115.3761633,2024-03-28T11:25:25+08:00,,Geographe Bay,No-take,National Park Zone (IUCN II),TRUE,14.8,Alex McLennan,Ryan Simms,Yes,Yes,,29,30,1799,Yes,Yes,Yes,Yes,Yes,Yes,Bri Beaulieu,Bri Beaulieu,10/09/2024,Ryan Simms,17/10/2024,
GB-BV-207,6,-33.56561167,115.3758267,2024-03-28T11:13:59+08:00,,Geographe Bay,No-take,National Park Zone (IUCN II),TRUE,14.1,Daniel Agnello,Ryan Simms,Yes,Yes,"Showed correct opcode first then wrong opcode, then right one again. ",95,96,1794,Yes,Yes,Yes,Yes,Yes,Yes,Bri Beaulieu,Bri Beaulieu,19/09/2024,Ryan Simms,17/10/2024,Use postcal for analysis
GB-BV-208,10,-33.54132167,115.3900683,2024-03-28T09:23:43+08:00,,Geographe Bay,No-take,National Park Zone (IUCN II),TRUE,14.9,Daniel Agnello,Ryan Simms,Yes,Yes,,33,34,1800,Yes,Yes,Yes,Yes,Yes,Yes,Bri Beaulieu,Bri Beaulieu,09/09/2024,Ryan Simms,16/10/2024,
GB-BV-209,8,-33.54218667,115.37143,2024-03-28T09:12:36+08:00,,Geographe Bay,No-take,National Park Zone (IUCN II),TRUE,17,Daniel Agnello,Ryan Simms,Yes,Yes,,29,30,1799,Yes,Yes,Yes,Yes,Yes,Yes,Bri Beaulieu,Bri Beaulieu,06/09/2024,Ryan Simms,16/10/2024,
GB-BV-210,1,-33.54190833,115.3975767,2024-03-28T10:47:01+08:00,,Geographe Bay,No-take,National Park Zone (IUCN II),TRUE,14.8,Alex McLennan,Ryan Simms,Yes,Yes,,15,16,1789,Yes,Yes,Yes,Yes,Yes,Yes,Bri Beaulieu,Bri Beaulieu,09/09/2024,Ryan Simms,16/10/2024,
GB-BV-211,2,-33.54853,115.1013483,2024-04-05T10:38:40+08:00,,Geographe Bay,No-take,Sanctuary Zone (IUCN VI),FALSE,29.3,Lise Fournier-Carnoy,Hannah Williams,Yes,Yes,Ryan - please check unknown,17,18,90,Yes,Yes,Yes,Yes,Yes,Yes,Bri Beaulieu,Bri Beaulieu,24/11/2024,Hannah Williams,20/02/2025,
GB-BV-212,1,-33.54916167,115.108505,2024-04-05T10:32:54+08:00,,Geographe Bay,No-take,Sanctuary Zone (IUCN VI),FALSE,30.3,Lise Fournier-Carnoy,Hannah Williams,Yes,Yes,,15,16,89,Yes,Yes,Yes,Yes,Yes,Yes,Bri Beaulieu,Bri Beaulieu,24/11/2024,Hannah Williams,20/02/2025,
GB-BV-213,8,-33.56338167,115.4278017,2024-04-03T07:56:10+08:00,,Geographe Bay,No-take,Sanctuary Zone (IUCN VI),FALSE,10.9,Lise Fournier-Carnoy,,Yes,No,"Left cam SD corrupted, files not recoved",1829,1830,1798,Yes,Yes,Yes,Yes,Yes,Yes,Bri Beaulieu,Bri Beaulieu,13/11/2024,Claude Spencer,,
GB-BV-214,2,-33.57585167,115.4000167,2024-03-28T13:09:16+08:00,,Geographe Bay,No-take,Sanctuary Zone (IUCN VI),FALSE,12.2,Lise Fournier-Carnoy,Ryan Simms,Yes,Yes,,17,18,1790,Yes,Yes,Yes,Yes,Yes,Yes,Bri Beaulieu,Bri Beaulieu,30/10/2024,Claude Spencer,25/11/2024,
GB-BV-215,3,-33.58598833,115.3987433,2024-03-28T13:13:35+08:00,,Geographe Bay,No-take,Sanctuary Zone (IUCN VI),FALSE,11.5,Lise Fournier-Carnoy,Ryan Simms,Yes,Yes,Showed 197 to right cam by mistake. Didnâ€™t sync I think,19,20,1791,Yes,Yes,Yes,Yes,Yes,Yes,Bri Beaulieu,Bri Beaulieu,30/10/2024,Claude Spencer,26/11/2024,
GB-BV-216,1,-33.629225,115.216325,2024-04-04T09:17:48+08:00,,Geographe Bay,No-take,Sanctuary Zone (IUCN VI),FALSE,9.04,Alex McLennan,Bri Beaulieu,Yes,Yes,Bait bag obstructed by long grass,1815,1816,1789,Yes,Yes,Yes,Yes,Yes,Yes,Bri Beaulieu,Bri Beaulieu,04/10/2024,Bri Beaulieu,18/10/2024,
GB-BV-217,10,-33.60021667,115.41948,2024-04-03T08:10:25+08:00,,Geographe Bay,No-take,Sanctuary Zone (IUCN VI),FALSE,5.86,Lise Fournier-Carnoy,Bri Beaulieu,Yes,Yes,Amened lengths 27/11 RS,1833,1834,1800,Yes,Yes,Yes,Yes,Yes,Yes,Bri Beaulieu,Bri Beaulieu,13/11/2024,Claude Spencer,25/10/2024,
GB-BV-218,3,-33.58394333,115.426865,2024-04-03T07:39:49+08:00,,Geographe Bay,No-take,Sanctuary Zone (IUCN VI),FALSE,7.49,Lise Fournier-Carnoy,Bri Beaulieu,Yes,Yes,Amened lengths 27/11 RS,1819,1820,1791,Yes,No,Yes,Yes,No,No,Bri Beaulieu,,11/11/2024,Claude Spencer,24/10/2024,
GB-BV-219,8,-33.61328333,115.2077217,2024-04-04T09:50:23+08:00,,Geographe Bay,No-take,Sanctuary Zone (IUCN VI),FALSE,11.4,Ryan Simms,Bri Beaulieu,Yes,Yes,,1829,1830,1798,Yes,Yes,Yes,Yes,Yes,Yes,Bri Beaulieu,Bri Beaulieu,07/10/2024,Bri Beaulieu,18/10/2024,
GB-BV-220,3,-33.62658,115.2057383,2024-04-04T09:26:28+08:00,,Geographe Bay,No-take,Sanctuary Zone (IUCN VI),FALSE,8.07,Lise Fournier-Carnoy,Ryan Simms,Yes,Yes,,1819,1820,1791,Yes,Yes,Yes,Yes,Yes,Yes,Bri Beaulieu,Bri Beaulieu,21/11/2024,Ryan Simms,28/11/2024,
GB-BV-221,9,-33.59675667,115.4199317,2024-04-03T08:07:49+08:00,,Geographe Bay,No-take,Sanctuary Zone (IUCN VI),FALSE,6.62,Lise Fournier-Carnoy,Bri Beaulieu,Yes,Yes,"Left cam turned off mid drop - SD card changed from 120 to 141, Amened lengths 27/11 RS",1831,1832,1799,Yes,Yes,Yes,Yes,Yes,Yes,Bri Beaulieu,Bri Beaulieu,13/11/2024,Claude Spencer,25/10/2024,
GB-BV-222,5,-33.576115,115.4339733,2024-04-03T07:46:11+08:00,,Geographe Bay,No-take,Sanctuary Zone (IUCN VI),FALSE,7.5,Lise Fournier-Carnoy,Bri Beaulieu,Yes,Yes,Amened lengths 27/11 RS,1823,1824,1793,Yes,Yes,Yes,Yes,Yes,Yes,Bri Beaulieu,Bri Beaulieu,12/11/2024,Claude Spencer,24/10/2024,
GB-BV-223,4,-33.62561167,115.211645,2024-04-04T09:31:08+08:00,,Geographe Bay,No-take,Sanctuary Zone (IUCN VI),FALSE,8.22,Lise Fournier-Carnoy,Hannah Williams,Yes,Yes,,1821,1822,1792,Yes,Yes,Yes,Yes,Yes,Yes,Bri Beaulieu,Bri Beaulieu,21/11/2024,Hannah Williams,13/02/2025,
GB-BV-224,5,-33.62316833,115.20389,2024-04-04T09:34:38+08:00,,Geographe Bay,No-take,Sanctuary Zone (IUCN VI),FALSE,9.05,Lise Fournier-Carnoy,Hannah Williams,Yes,Yes,,1823,1824,1793,Yes,Yes,Yes,Yes,Yes,Yes,Bri Beaulieu,Bri Beaulieu,22/11/2024,Hannah Williams,13/02/2025,
GB-BV-225,4,-33.58220833,115.4282533,2024-04-03T07:42:27+08:00,,Geographe Bay,No-take,Sanctuary Zone (IUCN VI),FALSE,7.44,Lise Fournier-Carnoy,Bri Beaulieu,Yes,Yes,Amened lengths 27/11 RS,1821,1822,1792,Yes,Yes,Yes,Yes,Yes,Yes,Bri Beaulieu,Bri Beaulieu,12/11/2024,Claude Spencer,24/10/2024,
GB-BV-226,7,-33.56904667,115.43246,2024-04-03T07:52:32+08:00,,Geographe Bay,No-take,Sanctuary Zone (IUCN VI),FALSE,8.81,Lise Fournier-Carnoy,Bri Beaulieu,Yes,Yes,Amened lengths 27/11 RS,1827,1828,1797,Yes,No,Yes,Yes,No,No,Bri Beaulieu,,12/11/2024,Claude Spencer,25/10/2024,
GB-BV-227,2,-33.62797333,115.2018767,2024-04-04T09:22:46+08:00,,Geographe Bay,No-take,Sanctuary Zone (IUCN VI),FALSE,7.46,Alex McLennan,Bri Beaulieu,Yes,Yes,,1817,1818,1790,Yes,Yes,Yes,Yes,Yes,Yes,Bri Beaulieu,Bri Beaulieu,07/10/2024,Bri Beaulieu,18/10/2024,
GB-BV-228,3,-33.55304833,115.0824733,2024-04-05T10:45:54+08:00,,Geographe Bay,No-take,Sanctuary Zone (IUCN VI),FALSE,25.2,Lise Fournier-Carnoy,Hannah Williams,Yes,Yes,,19,20,91,Yes,Yes,Yes,Yes,Yes,Yes,Bri Beaulieu,Bri Beaulieu,24/11/2024,Hannah Williams,13/02/2025,
GB-BV-229,6,-33.57542833,115.439285,2024-04-03T07:48:48+08:00,,Geographe Bay,No-take,Sanctuary Zone (IUCN VI),FALSE,5.97,Lise Fournier-Carnoy,Bri Beaulieu,Yes,Yes,Amened lengths 27/11 RS,1795,1796,1794,Yes,No,Yes,Yes,No,No,Bri Beaulieu,,12/11/2024,Claude Spencer,24/10/2024,
GB-BV-230,10,-33.57238167,115.0960567,2024-04-05T11:12:31+08:00,,Geographe Bay,No-take,Sanctuary Zone (IUCN VI),FALSE,14.3,Ryan Simms,Bri Beaulieu,Yes,Yes,"Moved mark, too close to people at meelup",33,34,0,Yes,Yes,Yes,Yes,Yes,Yes,Bri Beaulieu,Bri Beaulieu,09/01/2025,,10/01/2025,
GB-BV-231,7,-33.61947333,115.20009,2024-04-04T09:45:22+08:00,,Geographe Bay,No-take,Sanctuary Zone (IUCN VI),FALSE,9.36,Lise Fournier-Carnoy,Hannah Williams,Yes,Yes,3rd opinion S. granulatus & Aracanidae spp,1827,1828,1797,Yes,Yes,Yes,Yes,Yes,Yes,Bri Beaulieu,Bri Beaulieu,22/11/2024,Hannah Williams,13/02/2025,
GB-BV-232,9,-33.56770667,115.0968817,2024-04-05T11:07:13+08:00,,Geographe Bay,No-take,Sanctuary Zone (IUCN VI),FALSE,20.1,Lise Fournier-Carnoy,Hannah Williams,Yes,Yes,,31,32,99,Yes,Yes,Yes,Yes,Yes,Yes,Bri Beaulieu,Bri Beaulieu,26/11/2024,Hannah Williams,17/02/2025,
GB-BV-233,2,-33.58748,115.436245,2024-04-03T07:35:56+08:00,,Geographe Bay,No-take,Sanctuary Zone (IUCN VI),FALSE,5.03,Lise Fournier-Carnoy,Bri Beaulieu,Yes,Yes,Amened lengths 27/11 RS,1817,1818,1790,Yes,Yes,Yes,Yes,Yes,Yes,Bri Beaulieu,Bri Beaulieu,11/11/2024,Claude Spencer,23/10/2024,
GB-BV-234,9,-33.60837667,115.2129417,2024-04-04T09:53:53+08:00,,Geographe Bay,No-take,Sanctuary Zone (IUCN VI),FALSE,13.8,Lise Fournier-Carnoy,Hannah Williams,Yes,Yes,31 was off on retrieval - updated,1831,1832,1799,Yes,Yes,Yes,Yes,Yes,Yes,Bri Beaulieu,Bri Beaulieu,23/11/2024,Hannah Williams,13/02/2025,
GB-BV-235,5,-33.55686333,115.0776883,2024-04-05T10:51:41+08:00,,Geographe Bay,No-take,Sanctuary Zone (IUCN VI),FALSE,16.5,Lise Fournier-Carnoy,Hannah Williams,Yes,Yes,,23,24,93,Yes,Yes,Yes,Yes,Yes,Yes,Bri Beaulieu,Bri Beaulieu,24/11/2024,Hannah Williams,13/02/2025,
GB-BV-236,6,-33.56263333,115.082975,2024-04-05T10:56:00+08:00,,Geographe Bay,No-take,Sanctuary Zone (IUCN VI),FALSE,8.45,Lise Fournier-Carnoy,Hannah Williams,Yes,Yes,,95,96,94,Yes,Yes,Yes,Yes,Yes,Yes,Bri Beaulieu,Bri Beaulieu,25/11/2024,Hannah Williams,14/02/2025,
GB-BV-237,1,-33.59208333,115.4319467,2024-04-03T07:33:05+08:00,,Geographe Bay,No-take,Sanctuary Zone (IUCN VI),FALSE,5.3,Lise Fournier-Carnoy,Bri Beaulieu,Yes,Yes,Amened lengths 27/11 RS,1815,1816,1789,Yes,Yes,Yes,Yes,Yes,Yes,Bri Beaulieu,Bri Beaulieu,11/11/2024,Claude Spencer,23/10/2024,
GB-BV-238,6,-33.620785,115.2119667,2024-04-04T09:39:36+08:00,,Geographe Bay,No-take,Sanctuary Zone (IUCN VI),FALSE,9.84,Lise Fournier-Carnoy,Hannah Williams,Yes,Yes,"3rd opinion on S. novahollandiae, & S. granulatus - changed to sp1 but i could be wrong (LFC)",1795,1796,1794,Yes,Yes,Yes,Yes,Yes,Yes,Bri Beaulieu,Bri Beaulieu,28/11/2024,Hannah Williams,13/02/2025,
GB-BV-239,7,-33.56183667,115.08936,2024-04-05T10:58:56+08:00,,Geographe Bay,No-take,Sanctuary Zone (IUCN VI),FALSE,19.9,Lise Fournier-Carnoy,Hannah Williams,Yes,Yes,,27,28,97,Yes,Yes,Yes,Yes,Yes,Yes,Bri Beaulieu,Bri Beaulieu,25/11/2024,Hannah Williams,14/02/2025,
GB-BV-240,8,-33.56542333,115.09114,2024-04-05T11:01:27+08:00,,Geographe Bay,No-take,Sanctuary Zone (IUCN VI),FALSE,16.1,Lise Fournier-Carnoy,Hannah Williams,Yes,Yes,,29,30,98,Yes,Yes,Yes,Yes,Yes,Yes,Bri Beaulieu,Bri Beaulieu,25/11/2024,Hannah Williams,14/02/2025,
GB-BV-CP1,3,-33.60865167,115.2446017,2024-04-09T11:55:12+08:00,,Geographe Bay,Fished,General Use Zone (IUCN VI),FALSE,14.6,Lise Fournier-Carnoy,Hannah Williams,Yes,Yes,,19,20,91,Yes,Yes,Yes,Yes,Yes,Yes,Bri Beaulieu,Bri Beaulieu,29/11/2024,Hannah Williams,20/02/2025,
GB-BV-CP2,4,-33.60170333,115.24817,2024-04-09T12:00:45+08:00,,Geographe Bay,Fished,Multiple Use Zone (IUCN VI),TRUE,16.1,Ryan Simms,Lise Fournier-Carnoy,Yes,Yes,,21,22,92,Yes,Yes,Yes,Yes,Yes,Yes,Bri Beaulieu,Bri Beaulieu,27/09/2024,Lise Fournier-Carnoy,24/10/2024,
GB-BV-CP3,6,-33.61058833,115.28366,2024-04-09T12:16:46+08:00,,Geographe Bay,Fished,General Use Zone (IUCN VI),FALSE,14,Lise Fournier-Carnoy,Hannah Williams,Yes,Yes,,95,96,94,Yes,Yes,Yes,Yes,Yes,Yes,Bri Beaulieu,Bri Beaulieu,29/11/2024,Hannah Williams,20/02/2025,
GB-BV-P01,2,-33.548195,115.3661917,2024-04-17T09:27:28+08:00,,Geographe Bay,No-take,National Park Zone (IUCN II),TRUE,17.2,Ryan Simms,Lise Fournier-Carnoy,Yes,Yes,,17,18,1790,Yes,Yes,Yes,Yes,Yes,Yes,Bri Beaulieu,Bri Beaulieu,12/09/2024,Lise Fournier-Carnoy,24/10/2024,
GB-BV-P02,3,-33.54410333,115.373005,2024-04-17T09:33:20+08:00,,Geographe Bay,No-take,National Park Zone (IUCN II),TRUE,17,Ryan Simms,Lise Fournier-Carnoy,Yes,Yes,,19,20,1791,Yes,Yes,Yes,Yes,Yes,Yes,Bri Beaulieu,Bri Beaulieu,13/09/2024,Lise Fournier-Carnoy,25/10/2024,
GB-BV-P03,5,-33.540575,115.37709,2024-04-17T09:48:12+08:00,,Geographe Bay,No-take,National Park Zone (IUCN II),TRUE,16.2,Ryan Simms,Lise Fournier-Carnoy,Yes,Yes,,23,24,1793,Yes,Yes,Yes,Yes,Yes,Yes,Bri Beaulieu,Bri Beaulieu,13/09/2024,Lise Fournier-Carnoy,24/10/2024,
GB-BV-P04,9,-33.54754667,115.3839483,2024-04-17T10:07:11+08:00,,Geographe Bay,No-take,National Park Zone (IUCN II),TRUE,16.1,Ryan Simms,Lise Fournier-Carnoy,Yes,Yes,Looks good on sounder,31,32,1799,Yes,Yes,Yes,Yes,Yes,Yes,Bri Beaulieu,Bri Beaulieu,16/09/2024,Lise Fournier-Carnoy,24/10/2024,
GB-BV-P05,7,-33.52714667,115.3835483,2024-04-17T09:57:26+08:00,,Geographe Bay,No-take,National Park Zone (IUCN II),TRUE,19.2,Alex McLennan,Lise Fournier-Carnoy,Yes,Yes,Flat out dhueys - Whole vid highlight material,27,28,1797,Yes,Yes,Yes,Yes,Yes,Yes,Bri Beaulieu,Bri Beaulieu,13/09/2024,,,
GB-BV-P06,8,-33.533255,115.3870417,2024-04-17T10:01:05+08:00,,Geographe Bay,No-take,National Park Zone (IUCN II),TRUE,16,Alex McLennan,Ryan Simms,Yes,Yes,Bait bag entirely obscured by long grass,29,30,1798,Yes,Yes,Yes,Yes,Yes,Yes,Bri Beaulieu,Bri Beaulieu,13/09/2024,Ryan Simms,06/11/2024,
GB-BV-P07,10,-33.552575,115.37768,2024-04-17T10:12:06+08:00,,Geographe Bay,No-take,National Park Zone (IUCN II),TRUE,15.1,Alex McLennan,Ryan Simms,Yes,Yes,,33,34,1800,Yes,Yes,Yes,Yes,Yes,Yes,Bri Beaulieu,Bri Beaulieu,16/09/2024,Ryan Simms,06/11/2024,
GB-BV-P08,1,-33.53306995,115.3856407,2024-04-17T10:06:34+08:00,,Geographe Bay,No-take,National Park Zone (IUCN II),TRUE,0,Alex McLennan,Ryan Simms,Yes,Yes,"Not exact time, space or any dimension really",15,16,1789,Yes,Yes,Yes,Yes,Yes,Yes,Bri Beaulieu,Bri Beaulieu,16/09/2024,Ryan Simms,06/11/2024,
GB-BV-P09,6,-33.53181924,115.3778092,2024-04-17T09:53:04+08:00,,Geographe Bay,No-take,National Park Zone (IUCN II),TRUE,18.7,Ryan Simms,Lise Fournier-Carnoy,Yes,Yes,,95,96,1794,Yes,Yes,Yes,Yes,Yes,Yes,Bri Beaulieu,Bri Beaulieu,13/09/2024,Lise Fournier-Carnoy,24/10/2024,
GB-BV-P10,4,-33.54173944,115.3704299,2024-04-17T09:42:05+08:00,,Geographe Bay,No-take,National Park Zone (IUCN II),TRUE,17.1,Ryan Simms,Lise Fournier-Carnoy,Yes,Yes,,21,22,1792,Yes,Yes,Yes,Yes,Yes,Yes,Bri Beaulieu,Bri Beaulieu,13/09/2024,Lise Fournier-Carnoy,24/10/2024,
GB-BV-P11,1,-33.55564,115.3549233,2024-04-17T11:40:45+08:00,,Geographe Bay,Fished,Multiple Use Zone (IUCN VI),TRUE,17.9,Alex McLennan,Ryan Simms,Yes,Yes,,15,16,1789,Yes,Yes,Yes,Yes,Yes,Yes,Bri Beaulieu,Bri Beaulieu,16/09/2024,Ryan Simms,21/10/2024,
GB-BV-P12,8,-33.55852667,115.350645,2024-04-17T11:57:37+08:00,,Geographe Bay,Fished,Multiple Use Zone (IUCN VI),TRUE,18,Alex McLennan,Ryan Simms,Yes,Yes,Pulled early -  period = 56 minutes,29,30,1798,Yes,Yes,Yes,Yes,Yes,Yes,Bri Beaulieu,Bri Beaulieu,17/09/2024,Ryan Simms,21/10/2024,
GB-BV-P13,7,-33.56088,115.347065,2024-04-17T11:54:54+08:00,,Geographe Bay,Fished,Multiple Use Zone (IUCN VI),TRUE,17.8,Ryan Simms,Lise Fournier-Carnoy,Yes,Yes,,27,28,1797,Yes,Yes,Yes,Yes,Yes,Yes,Bri Beaulieu,Bri Beaulieu,17/09/2024,Lise Fournier-Carnoy,25/10/2024,
GB-BV-P14,6,-33.56243167,115.34369,2024-04-17T11:52:35+08:00,,Geographe Bay,Fished,Multiple Use Zone (IUCN VI),TRUE,16,Alex McLennan,Ryan Simms,Yes,Yes,No clap/chop,95,96,1794,Yes,Yes,Yes,Yes,Yes,Yes,Bri Beaulieu,Bri Beaulieu,17/09/2024,Ryan Simms,21/10/2024,
GB-BV-P15,4,-33.55919667,115.3426033,2024-04-17T11:49:04+08:00,,Geographe Bay,Fished,Multiple Use Zone (IUCN VI),TRUE,18.5,Alex McLennan,Annika Leunig,Yes,Yes,,21,22,1792,Yes,Yes,Yes,Yes,Yes,Yes,Bri Beaulieu,Bri Beaulieu,17/09/2024,Annika Leunig,16/10/2024,
GB-BV-P16,2,-33.55585167,115.3488117,2024-04-17T11:44:33+08:00,,Geographe Bay,Fished,Multiple Use Zone (IUCN VI),TRUE,18,Ryan Simms,Lise Fournier-Carnoy,Yes,Yes,,17,18,1790,Yes,Yes,Yes,Yes,Yes,Yes,Bri Beaulieu,Bri Beaulieu,12/09/2024,Lise Fournier-Carnoy,25/10/2024,
GB-BV-P17,9,-33.56384333,115.3590283,2024-04-17T12:04:25+08:00,,Geographe Bay,Fished,Multiple Use Zone (IUCN VI),TRUE,15.8,Ryan Simms,Lise Fournier-Carnoy,Yes,Yes,Is 17 but shown 11,31,32,1799,Yes,Yes,Yes,Yes,Yes,Yes,Bri Beaulieu,Bri Beaulieu,18/09/2024,Lise Fournier-Carnoy,25/10/2024,
GB-BV-P18,10,-33.56576167,115.3560333,2024-04-17T12:08:33+08:00,,Geographe Bay,Fished,Multiple Use Zone (IUCN VI),TRUE,15.9,Ryan Simms,Annika Leunig,Yes,Yes,,33,34,1800,Yes,Yes,Yes,Yes,Yes,Yes,Bri Beaulieu,Bri Beaulieu,18/09/2024,Annika Leunig,16/10/2024,
GB-BV-P19,3,-33.55701833,115.3459783,2024-04-17T11:46:31+08:00,,Geographe Bay,Fished,Multiple Use Zone (IUCN VI),TRUE,17.6,Ryan Simms,Lise Fournier-Carnoy,Yes,Yes,,19,20,1791,Yes,Yes,Yes,Yes,Yes,Yes,Bri Beaulieu,Bri Beaulieu,16/09/2024,Lise Fournier-Carnoy,25/10/2024,
GB-BV-P24,5,-33.56050903,115.3398571,2024-04-17T11:51:26+08:00,,Geographe Bay,Fished,Multiple Use Zone (IUCN VI),TRUE,18.6,Ryan Simms,Lise Fournier-Carnoy,Yes,Yes,Not exact,23,24,1793,Yes,Yes,Yes,Yes,Yes,Yes,Bri Beaulieu,Bri Beaulieu,17/09/2024,Lise Fournier-Carnoy,25/10/2024,