opcode,system_number,latitude_dd,longitude_dd,date_time,site,location,status,zone,jurisdiction,depth_m,observer_count,observer_length,successful_count,successful_length,FishNClips,video_notes,left_camera,right_camera,rear_camera,forwards_habitat_image_saved,backwards_habitat_image_saved,successful_habitat_forwards,successful_habitat_backwards,observer_habitat_forwards,observer_habitat_backwards,maxn_complete_date,maxn_checker,length_complete_date,comment,ip
SWC-BV-017,1,-33.95944142,114.9055773,2024-10-23T07:53:26+08:00,,South-west Corner,Fished,Special Purpose Zone,Commonwealth,48,Daniel Agnello,,Yes,,Yes,,15,16,89,Yes,,,,,,10/1/2025,,,,0.00000009355631566
SWC-BV-073,2,-33.98284833,114.875235,2024-10-23T08:07:04+08:00,,South-west Corner,Fished,Special Purpose Zone,Commonwealth,40.2,Daniel Agnello,,Yes,,Yes,"ID help letherjacket. After period ends bigschools of snapper, sambos and kingfish",17,18,90,Yes,,,,,,10/1/2024,,,,0.00000009355631566
SWC-BV-004,3,-33.99687,114.85819,2024-10-23T08:16:09+08:00,,South-west Corner,Fished,Special Purpose Zone,Commonwealth,43.7,Daniel Agnello,,Yes,,Yes,,19,20,91,Yes,,,,,,17/01/2025,,,2 ID's to check,0.00000009355631566
SWC-BV-132,4,-34.00576,114.8179467,2024-10-23T08:29:57+08:00,,South-west Corner,Fished,Special Purpose Zone,Commonwealth,47.6,Daniel Agnello,,Yes,,Yes,Baitbag gone on retrieval,21,22,92,Yes,,,,,,17/01/2025,,,,0.000002954282623
SWC-BV-036,5,-34.00564167,114.811545,2024-10-23T08:34:25+08:00,,South-west Corner,Fished,Special Purpose Zone,Commonwealth,49.9,,,,No,Yes,Left camera stopped recording before drop,23,24,93,Yes,,,,,,,,,MaxN with right camera file,0.0000006540014967
SWC-BV-088,6,-33.99623667,114.8185317,2024-10-23T08:40:15+08:00,,South-west Corner,Fished,Special Purpose Zone,Commonwealth,45.5,Daniel Agnello,,Yes,,Yes,,95,96,94,Yes,,,,,,24/01/2025,,,,0.000002954282623
SWC-BV-112,7,-33.982125,114.8287233,2024-10-23T08:48:19+08:00,,South-west Corner,Fished,Special Purpose Zone,Commonwealth,44.1,Daniel Agnello,,Yes,,Yes,,27,28,97,Yes,,,,,,24/01/2025,,,2 ID's to check,0.00000009355631566
SWC-BV-124,8,-33.981775,114.8088833,2024-10-23T08:56:43+08:00,,South-west Corner,Fished,Special Purpose Zone,Commonwealth,49,Daniel Agnello,,Yes,,Yes,,29,30,98,Yes,,,,,,24/01/2025,,,,0.000002954282623
SWC-BV-020,9,-33.96738667,114.8125133,2024-10-23T09:03:32+08:00,,South-west Corner,Fished,Special Purpose Zone,Commonwealth,47.2,Daniel Agnello,,Yes,,Yes,,31,32,99,Yes,,,,,,28/01/2025,,,hammerhead,0.00000009355631566
SWC-BV-076,10,-33.9628,114.822585,2024-10-23T09:08:07+08:00,,South-west Corner,Fished,Special Purpose Zone,Commonwealth,45.4,Daniel Agnello,,Yes,,Yes,"Rope in view of left cam, habitat and fishnclipz taken from right cam",33,34,00,Yes,,,,,,14/02/2025,,annotated right cam. measurements are still possible using left,,0.00000009355631566
SWC-BV-008,1,-33.96159333,114.7563833,2024-10-23T11:23:54+08:00,,South-west Corner,Fished,Special Purpose Zone,Commonwealth,60.5,Daniel Agnello,,Yes,,Yes,,15,16,89,Yes,,,,,,28/01/2025,,,,0.0000006540014967
SWC-BV-128,2,-33.96126833,114.7427333,2024-10-23T11:29:13+08:00,,South-west Corner,Fished,Special Purpose Zone,Commonwealth,78.2,Daniel Agnello,,Yes,,Yes,,17,18,90,Yes,,,,,,28/01/2025,,,,0.0000006540014967
SWC-BV-092,3,-33.96636167,114.746405,2024-10-23T11:34:21+08:00,,South-west Corner,Fished,Special Purpose Zone,Commonwealth,69.2,Daniel Agnello,,Yes,,Yes,,19,20,91,Yes,,,,,,07/02/2025,,,Decorator crab,0.0000006540014967
SWC-BV-040,4,-33.96620667,114.7526717,2024-10-23T11:37:40+08:00,,South-west Corner,Fished,Special Purpose Zone,Commonwealth,60.4,Daniel Agnello,,Yes,,Yes,,21,22,92,Yes,,,,,,07/02/2025,,,,0.000002954282623
SWC-BV-116,5,-33.96647833,114.76603,2024-10-23T11:43:04+08:00,,South-west Corner,Fished,Special Purpose Zone,Commonwealth,60.2,Daniel Agnello,,Yes,,Yes,,23,24,93,Yes,,,,,,07/02/2025,,,,0.00000009355631566
SWC-BV-136,6,-33.97577667,114.74587,2024-10-23T11:52:13+08:00,,South-west Corner,Fished,Special Purpose Zone,Commonwealth,71.2,Daniel Agnello,,Yes,,Yes,,95,96,94,Yes,,,,,,07/02/2025,,,,0.000002954282623
SWC-BV-156,7,-33.976115,114.7592433,2024-10-23T11:57:19+08:00,,South-west Corner,Fished,Special Purpose Zone,Commonwealth,61.4,Ryan Simms,,Yes,,Yes,,27,28,97,Yes,,,,,,14/01/2025,,,,0.000002954282623
SWC-BV-104,8,-33.98542833,114.74579,2024-10-23T12:05:28+08:00,,South-west Corner,Fished,Special Purpose Zone,Commonwealth,72.4,Ryan Simms,,Yes,,Yes,,29,30,98,Yes,,,,,,14/01/2025,,,,0.000002954282623
SWC-BV-056,9,-33.98543542,114.752532,2024-10-23T12:08:36+08:00,,South-west Corner,Fished,Special Purpose Zone,Commonwealth,63.1,Ryan Simms,,Yes,,Yes,,31,32,99,Yes,,,,,,14/01/2025,,,,0.000002954282623
SWC-BV-024,10,-33.985825,114.7789667,2024-10-23T12:17:08+08:00,,South-west Corner,Fished,Special Purpose Zone,Commonwealth,54.8,Ryan Simms,,Yes,,Yes,,33,34,00,Yes,,,,,,14/01/2025,,,,0.00000009355631566
SWC-BV-052,1,-33.99987667,114.7619417,2024-10-23T13:45:14+08:00,,South-west Corner,Fished,Special Purpose Zone,Commonwealth,63.1,Ryan Simms,,Yes,,Yes,,15,16,89,Yes,,,,,,21/01/2025,,,,0.0000006540014967
SWC-BV-144,2,-34.00449167,114.7519883,2024-10-23T13:51:10+08:00,,South-west Corner,Fished,Special Purpose Zone,Commonwealth,69,Ryan Simms,,Yes,,Yes,,17,18,90,Yes,,,,,,21/01/2025,,,,0.0000006540014967
SWC-BV-068,3,-34.00923,114.7485533,2024-10-23T13:54:47+08:00,,South-west Corner,Fished,Special Purpose Zone,Commonwealth,81.4,Ryan Simms,,Yes,,Yes,,19,20,91,Yes,,,,,,21/01/2025,,,,0.000002954282623
SWC-BV-100,4,-34.01904333,114.7613367,2024-10-23T14:00:52+08:00,,South-west Corner,Fished,Special Purpose Zone,Commonwealth,64.5,Ryan Simms,,Yes,,Yes,,21,22,92,Yes,,,,,,21/01/2025,,,,0.000002954282623
SWC-BV-176,5,-34.01449167,114.7715483,2024-10-23T14:05:47+08:00,,South-west Corner,Fished,Special Purpose Zone,Commonwealth,60.4,Ryan Simms,,Yes,,Yes,,23,24,93,Yes,,,,,,21/01/2025,,,,0.00000009355631566
SWC-BV-IO338,1,-33.97207333,114.9225317,2024-10-24T10:22:10+08:00,,South-west Corner,Fished,General Use Zone,State,47.6,Ryan Simms,,Yes,,Yes,,15,16,89,Yes,,,,,,,,,,
SWC-BV-121,2,-33.98774333,114.8919767,2024-10-24T10:34:27+08:00,,South-west Corner,Fished,Special Purpose Zone,Commonwealth,42.9,Ryan Simms,,Yes,,Yes,,17,18,90,Yes,,,,,,22/01/2025,,,,0.0000006540014967
SWC-BV-001,3,-33.99735667,114.8979083,2024-10-24T10:41:26+08:00,,South-west Corner,Fished,Special Purpose Zone,Commonwealth,46.8,Ryan Simms,,Yes,,Yes,,19,20,91,Yes,,,,,,23/01/2025,,,,0.0000006540014967
SWC-BV-033,4,-34.01185225,114.8877711,2024-10-24T10:48:49+08:00,,South-west Corner,Fished,Special Purpose Zone,Commonwealth,44.2,Ryan Simms,,Yes,,Yes,,21,22,92,Yes,,,,,,24/01/2025,,,,0.00000009355631566
SWC-BV-109,5,-34.00771333,114.9241333,2024-10-24T11:00:05+08:00,,South-west Corner,Fished,Special Purpose Zone,Commonwealth,47.2,Ryan Simms,,Yes,,Yes,,23,24,93,Yes,,,,,,24/01/2025,,,,0.00000009355631566
SWC-BV-129,6,-34.03160775,114.9204189,2024-10-24T11:09:59+08:00,,South-west Corner,Fished,Special Purpose Zone,Commonwealth,47.7,,,,No,,Right camera stops after 8 minutes,95,96,94,,,,,,,06/03/2025,,,,0.00000009355631566
SWC-BV-097,7,-34.05523833,114.923055,2024-10-24T11:19:33+08:00,,South-west Corner,No-take,National Park Zone,Commonwealth,48.2,Ryan Simms,,Yes,,Yes,,27,28,97,Yes,,,,,,28/01/2025,,,,0.00000009355631566
SWC-BV-IO355,8,-34.054775,114.91129,2024-10-24T11:28:22+08:00,,South-west Corner,No-take,National Park Zone,Commonwealth,46.8,Ryan Simms,,Yes,,Yes,,29,30,98,Yes,,,,,,28/01/2025,,,,
SWC-BV-049,9,-34.05513667,114.9034717,2024-10-24T11:31:43+08:00,,South-west Corner,No-take,National Park Zone,Commonwealth,43.6,Ryan Simms,,Yes,,Yes,,31,32,99,Yes,,,,,,29/01/2025,,,,0.0000006540014967
SWC-BV-IOC05,10,-34.05391833,114.90003,2024-10-24T11:33:49+08:00,,South-west Corner,No-take,National Park Zone,Commonwealth,43.2,Ryan Simms,,Yes,,Yes,,33,34,00,Yes,,,,,,29/01/2025,,,,
SWC-BV-IOC06,1,-34.04883301,114.8763836,2024-10-24T13:45:34+08:00,,South-west Corner,Fished,Special Purpose Zone,Commonwealth,43,Ryan Simms,,Yes,,Yes,,15,16,89,Yes,,,,,,29/01/2025,,,,
SWC-BV-173,2,-34.06897333,114.8664083,2024-10-24T13:55:28+08:00,,South-west Corner,No-take,National Park Zone,Commonwealth,41,Ryan Simms,,Yes,,Yes,,17,18,90,Yes,,,,,,29/01/2025,,,,0.00000009355631566
SWC-BV-IO354,3,-34.06582833,114.83994,2024-10-24T14:03:50+08:00,,South-west Corner,No-take,National Park Zone,Commonwealth,43.5,Ryan Simms,,Yes,,Yes,,19,20,91,Yes,,,,,,31/01/2025,,,,
SWC-BV-168,4,-34.07312241,114.836445,2024-10-24T14:08:05+08:00,,South-west Corner,No-take,National Park Zone,Commonwealth,44.9,Ryan Simms,,Yes,,Yes,,21,22,92,Yes,,,,,,31/01/2025,,,,0.00000009355631566
SWC-BV-048,5,-34.08258667,114.836235,2024-10-24T14:12:38+08:00,,South-west Corner,No-take,National Park Zone,Commonwealth,44.3,Ryan Simms,,Yes,,Yes,,23,24,93,Yes,,,,,,31/01/2025,,,,0.00000009355631566
SWC-BV-180,6,-34.08199333,114.809755,2024-10-24T14:23:13+08:00,,South-west Corner,No-take,National Park Zone,Commonwealth,50.1,Ryan Simms,,Yes,,Yes,,95,96,94,Yes,,,,,,03/02/2025,,,,0.0000006540014967
SWC-BV-152,7,-34.06753333,114.7935567,2024-10-24T14:30:57+08:00,,South-west Corner,No-take,National Park Zone,Commonwealth,56,Ryan Simms,,Yes,,Yes,,27,28,97,Yes,,,,,,05/02/2025,,,,0.0000006540014967
SWC-BV-064,8,-34.05331167,114.8036317,2024-10-24T14:37:22+08:00,,South-west Corner,No-take,National Park Zone,Commonwealth,51.4,Ryan Simms,,Yes,,Yes,,29,30,98,Yes,,,,,,07/02/2025,,,,0.0000006540014967
SWC-BV-096,9,-34.05368667,114.8302283,2024-10-24T14:45:47+08:00,,South-west Corner,No-take,National Park Zone,Commonwealth,47.1,Ryan Simms,,Yes,,Yes,,31,32,99,Yes,,,,,,13/02/2025,,,,0.00000009355631566
SWC-BV-IO353,10,-34.054515,114.8391217,2024-10-24T14:51:51+08:00,,South-west Corner,No-take,National Park Zone,Commonwealth,44.4,Ryan Simms,,Yes,,Yes,,33,34,00,Yes,,,,,,13/02/2025,,,,
SWC-BV-172,1,-34.02439167,114.7978633,2024-10-25T07:04:58+08:00,,South-west Corner,Fished,Special Purpose Zone,Commonwealth,51.9,Annika Leunig,,Yes,,Yes,,15,16,89,Yes,,,,,,21/01/25,,,,0.00000009355631566
SWC-BV-108,2,-34.028725,114.76801,2024-10-25T07:15:36+08:00,,South-west Corner,Fished,Special Purpose Zone,Commonwealth,60.1,Annika Leunig,,Yes,,Yes,,17,18,90,Yes,,,,,,21/01/25,,,,0.00000009355631566
SWC-BV-012,3,-34.01370833,114.725205,2024-10-25T07:29:29+08:00,,South-west Corner,Fished,Special Purpose Zone,Commonwealth,114,Annika Leunig,,Yes,,Yes,,19,20,91,Yes,,,,,,22/01/25,,,,0.00000009355631566
SWC-BV-120,4,-34.03763833,114.7210417,2024-10-25T07:48:09+08:00,,South-west Corner,Fished,Special Purpose Zone,Commonwealth,118.1,Zach Howman,,Yes,,Yes,,21,22,92,Yes,,,,,,22/01/25,,,check neosebastus pandus,0.00000009355631566
SWC-BV-032,5,-34.03795,114.7410483,2024-10-25T07:55:56+08:00,,South-west Corner,Fished,Special Purpose Zone,Commonwealth,100.6,Annika Leunig,,Yes,,Yes,,23,24,93,Yes,,,,,,28/01/25,,,,0.0000006540014967
SWC-BV-060,6,-34.03820667,114.7544,2024-10-25T08:01:35+08:00,,South-west Corner,Fished,Special Purpose Zone,Commonwealth,80.5,Annika Leunig,,Yes,,Yes,,95,96,94,Yes,,,,,,28/01/25,,,,0.000002954282623
SWC-BV-016,7,-34.0428391,114.7575743,2024-10-25T08:06:29+08:00,,South-west Corner,Fished,Special Purpose Zone,Commonwealth,79.6,Annika Leunig,,Yes,No,Yes,no right camera,27,28,97,Yes,,,,,,28/01/25,,,,0.0000006540014967
SWC-BV-084,8,-34.05230833,114.75046,2024-10-25T08:13:00+08:00,,South-west Corner,No-take,National Park Zone,Commonwealth,92.1,Annika Leunig,,Yes,,Yes,,29,30,98,Yes,,,,,,28/01/25,,,,0.0000006540014967
SWC-BV-072,9,-34.05273833,114.7707217,2024-10-25T08:20:21+08:00,,South-west Corner,No-take,National Park Zone,Commonwealth,66.7,Annika Leunig,,Yes,,Yes,,31,32,99,Yes,,,,,,28/01/25,,,,0.000002954282623
SWC-BV-148,10,-34.038525,114.7742483,2024-10-25T08:26:55+08:00,,South-west Corner,Fished,Special Purpose Zone,Commonwealth,59,Annika Leunig,,Yes,,Yes,,33,34,00,Yes,,,,,,29/01/25,,,,0.0000006540014967
SWC-BV-160,1,-34.06217,114.7637167,2024-10-25T10:11:13+08:00,,South-west Corner,No-take,National Park Zone,Commonwealth,77.8,Annika Leunig,,Yes,,Yes,,15,16,89,Yes,,,,,,31/01/25,,,,0.000002954282623
SWC-BV-164,2,-34.06213,114.7701183,2024-10-25T10:14:27+08:00,,South-west Corner,No-take,National Park Zone,Commonwealth,70.4,Annika Leunig,,Yes,,Yes,,17,18,90,Yes,,,,,,31/01/25,,,,0.000002954282623
SWC-BV-028,3,-34.06717104,114.7735358,2024-10-25T10:19:08+08:00,,South-west Corner,No-take,National Park Zone,Commonwealth,65,Annika Leunig,,Yes,,Yes,,19,20,91,Yes,,,,,,31/01/25,,,,0.000002954282623
SWC-BV-080,4,-34.071875,114.7767083,2024-10-25T10:22:22+08:00,,South-west Corner,No-take,National Park Zone,Commonwealth,63.5,Annika Leunig,,Yes,,Yes,B.brevicaudata movesBRUV at around 46 mins,21,22,92,Yes,,,,,,31/01/25,,,,0.0000006540014967
SWC-BV-044,5,-34.08135167,114.7764283,2024-10-25T10:27:49+08:00,,South-west Corner,No-take,National Park Zone,Commonwealth,65,Annika Leunig,,Yes,,Yes,,23,24,93,Yes,,,,,,03/02/25,,,,0.0000006540014967
SWC-BV-140,6,-34.08125833,114.76973,2024-10-25T10:31:40+08:00,,South-west Corner,No-take,National Park Zone,Commonwealth,80.1,Annika Leunig,,Yes,,Yes,,95,96,94,Yes,,,,,,03/02/25,,,,0.000002954282623
SWC-BV-098,7,-34.09092667,114.7762167,2024-10-25T10:37:23+08:00,,South-west Corner,No-take,National Park Zone,Commonwealth,69.9,,,,No,,no right camera,27,28,97,,,,,,,,,,,0.00000009355631566
SWC-BV-174,8,-34.09577333,114.7793433,2024-10-25T10:41:24+08:00,,South-west Corner,No-take,National Park Zone,Commonwealth,66.5,Annika Leunig,,Yes,,Yes,,29,30,98,Yes,,,,,,03/02/25,,,,0.000002954282623
SWC-BV-050,9,-34.10048,114.7760067,2024-10-25T10:45:56+08:00,,South-west Corner,No-take,National Park Zone,Commonwealth,75.2,Annika Leunig,,Yes,,Yes,,31,32,99,Yes,,,,,,03/02/25,,,2 ids to check,0.000002954282623
SWC-BV-022,10,-34.09500761,114.7463791,2024-10-25T10:58:00+08:00,,South-west Corner,No-take,National Park Zone,Commonwealth,114,Annika Leunig,,No,,Yes,BRUV tips over on its side at 9 mins,33,34,00,Yes,,,,,,,,,,0.00000009355631566
SWC-BV-114,1,-34.115205,114.7855317,2024-10-25T12:35:35+08:00,,South-west Corner,No-take,National Park Zone,Commonwealth,63.4,Annika Leunig,,Yes,,Yes, ,15,16,89,Yes,,,,,,03/02/25,,,,0.000002954282623
SWC-BV-006,2,-34.11949667,114.76199,2024-10-25T12:45:24+08:00,,South-west Corner,No-take,National Park Zone,Commonwealth,105,Annika Leunig,,Yes,,Yes,,17,18,90,Yes,,,,,,07/02/25,,,,0.0000006540014967
SWC-BV-154,3,-34.12004333,114.78209,2024-10-25T12:52:42+08:00,,South-west Corner,No-take,National Park Zone,Commonwealth,72.4,Annika Leunig,,Yes,,Yes,showed wrong op code at start,19,20,91,Yes,,,,,,07/02/25,,,,0.000002954282623
SWC-BV-117,4,-34.12011,114.7886383,2024-10-25T12:56:34+08:00,,South-west Corner,No-take,National Park Zone,Commonwealth,62.2,Annika Leunig,,Yes,,Yes,,21,22,92,Yes,,,,,,07/02/25,,,,0.0000006540014967
SWC-BV-029,5,-34.12493,114.791825,2024-10-25T13:01:04+08:00,,South-west Corner,No-take,National Park Zone,Commonwealth,62.4,Annika Leunig,,Yes,,Yes, ,23,24,93,Yes,,,,,,07/02/25,,,,0.000002954282623
SWC-BV-081,6,-34.12974333,114.79502,2024-10-25T13:05:48+08:00,,South-west Corner,No-take,National Park Zone,Commonwealth,64,Annika Leunig,,Yes,,Yes,,95,96,94,Yes,,,,,,07/02/25,,,,0.0000006540014967
SWC-BV-093,7,-34.13933,114.8013983,2024-10-25T13:12:45+08:00,,South-west Corner,No-take,National Park Zone,Commonwealth,60,,,,No,,no right camera,27,28,97,,,,,,,,,,,0.0000006540014967
SWC-BV-169,8,-34.13922,114.7948133,2024-10-25T13:17:13+08:00,,South-west Corner,No-take,National Park Zone,Commonwealth,62.1,Annika Leunig,,Yes,,Yes,,29,30,98,Yes,,,,,,10/02/25,,,,0.000002954282623
SWC-BV-045,9,-34.13914,114.7881283,2024-10-25T13:22:29+08:00,,South-west Corner,No-take,National Park Zone,Commonwealth,71.2,Annika Leunig,,Yes,,Yes,showed wrong op code at the start,31,32,99,Yes,,,,,,10/02/25,,,needs checks,0.000002954282623
SWC-BV-002,10,-34.13439333,114.784965,2024-10-25T13:27:04+08:00,,South-west Corner,No-take,National Park Zone,Commonwealth,74.2,Annika Leunig,,Yes,,Yes,,33,34,00,Yes,,,,,,10/02/25,,,,0.0000006540014967
SWC-BV-005,1,-34.08801833,114.8658917,2024-10-26T07:20:41+08:00,,South-west Corner,No-take,National Park Zone,Commonwealth,42,Zach Howman,,Yes,,Yes,check unknown,15,16,89,Yes,,,,,,23/01/2025,,,,0.00000009355631566
SWC-BV-139,2,-34.09752167,114.859045,2024-10-26T07:27:34+08:00,,South-west Corner,No-take,National Park Zone,Commonwealth,43,Zach Howman,,Yes,,Yes,BRUV facing upwards slightly,17,18,90,Yes,,,,,,29/01/2025,,,,0.0000006540014967
SWC-BV-105,3,-34.09211548,114.8426623,2024-10-26T07:36:00+08:00,,South-west Corner,No-take,National Park Zone,Commonwealth,44.7,Zach Howman,,Yes,,Yes,B. brevicaudata bites off bait bag @ 25 mins into period,19,20,91,Yes,,,,,,29/01/2025,,,,0.0000006540014967
SWC-BV-057,4,-34.10162833,114.8290183,2024-10-26T07:44:19+08:00,,South-west Corner,No-take,National Park Zone,Commonwealth,48.3,Zach Howman,,Yes,,Yes,check unknown,21,22,92,Yes,,,,,,06/02/2025,,,,0.0000006540014967
SWC-BV-069,5,-34.10119524,114.8092355,2024-10-26T07:53:10+08:00,,South-west Corner,No-take,National Park Zone,Commonwealth,51.6,Zach Howman,,Yes,,Yes,check caesioperca sp1,23,24,93,Yes,,,,,,06/02/2025,,,,0.0000006540014967
SWC-BV-145,6,-34.11601833,114.8318733,2024-10-26T08:04:35+08:00,,South-west Corner,No-take,National Park Zone,Commonwealth,47.2,Zach Howman,,Yes,,Yes,check A. maculatus,95,96,94,Yes,,,,,,13/02/2025,,,,0.0000006540014967
SWC-BV-013,7,-34.11619167,114.8386383,2024-10-26T08:08:51+08:00,,South-west Corner,No-take,National Park Zone,Commonwealth,46.8,Zach Howman,,Yes,,Yes,,27,28,97,Yes,,,,,,13/02/2025,,,,0.00000009355631566
SWC-BV-161,8,-34.12578333,114.8383867,2024-10-26T08:15:49+08:00,,South-west Corner,No-take,National Park Zone,Commonwealth,45.9,Zach Howman,,Yes,,Yes,check N. parilus,29,30,98,Yes,,,,,,13/02/2025,,,,0.0000006540014967
SWC-BV-107,9,-34.13110667,114.8746383,2024-10-26T08:30:15+08:00,,South-west Corner,No-take,National Park Zone,Commonwealth,41.7,Zach Howman,,Yes,,Yes,"Left camera stopped recording, changed sd card to 156",31,32,99,Yes,,,,,,13/02/2025,,,,0.0000006540014967
SWC-BV-059,10,-34.11187,114.8619617,2024-10-26T08:39:58+08:00,,South-west Corner,No-take,National Park Zone,Commonwealth,43,Zach Howman,,Yes,,Yes,bait bag obstructed by macro-algae,33,34,00,Yes,,,,,,20/02/2025,,,,0.0000006540014967
SWC-BV-149,1,-34.14441,114.8112867,2024-10-26T10:38:28+08:00,,South-west Corner,No-take,National Park Zone,Commonwealth,57.8,Annika Leunig,,Yes,,Yes,,15,16,89,Yes,,,,,,10/02/25,,,,0.000002954282623
SWC-BV-034,2,-34.14379,114.7849083,2024-10-26T10:48:47+08:00,,South-west Corner,No-take,National Park Zone,Commonwealth,85,Annika Leunig,,Yes,,Yes,,17,18,90,Yes,,,,,,10/02/25,,,,0.000002954282623
SWC-BV-122,3,-34.13914667,114.781565,2024-10-26T10:53:15+08:00,,South-west Corner,No-take,National Park Zone,Commonwealth,88.1,Annika Leunig,,Yes,,Yes,check A. occidus,19,20,91,Yes,,,,,,10/02/25,,,,0.0000006540014967
SWC-BV-018,4,-34.14374167,114.7715717,2024-10-26T11:01:25+08:00,,South-west Corner,No-take,National Park Zone,Commonwealth,101.2,Annika Leunig,,Yes,,Yes,,21,22,92,Yes,,,,,,12/02/25,,,,0.000002954282623
SWC-BV-074,5,-34.138775,114.7681683,2024-10-26T11:05:53+08:00,,South-west Corner,No-take,National Park Zone,Commonwealth,104.7,Annika Leunig,,Yes,,Yes,,23,24,93,Yes,,,,,,12/02/25,,,,0.000002954282623
SWC-BV-110,6,-34.148305,114.7615033,2024-10-26T11:13:44+08:00,,South-west Corner,No-take,National Park Zone,Commonwealth,116.3,Annika Leunig,,Yes,,Yes,,95,96,94,Yes,,,,,,12/02/25,,,,0.0000006540014967
SWC-BV-086,7,-34.153395,114.7778083,2024-10-26T11:21:18+08:00,,South-west Corner,Fished,Special Purpose Zone,Commonwealth,96.6,Annika Leunig,,Yes,,Yes,,27,28,97,Yes,,,,,,12/02/25,,,,0.000002954282623
SWC-BV-130,8,-34.15353833,114.7845667,2024-10-26T11:25:21+08:00,,South-west Corner,Fished,Special Purpose Zone,Commonwealth,89.5,Annika Leunig,,Yes,,Yes,,29,30,98,Yes,,,,,,12/02/25,,,,0.000002954282623
SWC-BV-165,9,-34.15358167,114.7911592,2024-10-26T11:29:39+08:00,,South-west Corner,Fished,Special Purpose Zone,Commonwealth,74.2,Annika Leunig,,Yes,,Yes,,31,32,99,Yes,,,,,,12/02/25,,,,0.000002954282623
SWC-BV-061,10,-34.15367333,114.7980033,2024-10-26T11:33:57+08:00,,South-west Corner,Fished,Special Purpose Zone,Commonwealth,66,Annika Leunig,,Yes,,Yes,,33,34,00,Yes,,,,,,14/02/25,,,,0.000002954282623
SWC-BV-177,1,-34.15396833,114.81106,2024-10-26T13:07:58+08:00,,South-west Corner,Fished,Special Purpose Zone,Commonwealth,60.8,Annika Leunig,,Yes,,Yes,,15,16,89,Yes,,,,,,14/02/25,,,,0.00000009355631566
SWC-BV-137,2,-34.14965,114.834475,2024-10-26T13:18:36+08:00,,South-west Corner,No-take,National Park Zone,Commonwealth,59.9,Annika Leunig,,Yes,,Yes,,17,18,90,Yes,,,,,,14/02/25,,,,0.0000006540014967
SWC-BV-041,3,-34.15431333,114.83103,2024-10-26T13:23:51+08:00,,South-west Corner,Fished,Special Purpose Zone,Commonwealth,49,Annika Leunig,,Yes,,Yes,,19,20,91,Yes,,,,,,24/02/2025,,,,0.0000006540014967
SWC-BV-162,4,-34.159225,114.8340933,2024-10-26T13:28:55+08:00,,South-west Corner,Fished,Special Purpose Zone,Commonwealth,50.8,Bri Beaulieu,,Yes,,Yes,,21,22,92,Yes,,,,,,24/02/2025,,,,0.0000006540014967
SWC-BV-078,5,-34.15878181,114.8209965,2024-10-26T13:36:17+08:00,,South-west Corner,Fished,Special Purpose Zone,Commonwealth,53.7,Bri Beaulieu,,Yes,,Yes,,23,24,93,Yes,,,,,,21/02/2025,,,,0.0000006540014967
SWC-BV-106,6,-34.15857167,114.8009217,2024-10-26T13:43:48+08:00,,South-west Corner,Fished,Special Purpose Zone,Commonwealth,67.1,Bri Beaulieu,,Yes,,Yes,,95,96,94,Yes,,,,,,18/02/2025,,,,0.0000006540014967
SWC-BV-090,7,-34.15824167,114.7810017,2024-10-26T13:52:49+08:00,,South-west Corner,Fished,Special Purpose Zone,Commonwealth,93.1,Bri Beaulieu,,Yes,,Yes,,27,28,97,Yes,,,,,,11/02/2025,,,,0.000002954282623
SWC-BV-134,8,-34.16296667,114.7775767,2024-10-26T13:57:41+08:00,,South-west Corner,Fished,Special Purpose Zone,Commonwealth,101.3,Bri Beaulieu,,Yes,,Yes,,29,30,98,Yes,,,,,,11/02/2025,,,,0.0000006540014967
SWC-BV-146,9,-34.17275167,114.7906533,2024-10-26T14:05:21+08:00,,South-west Corner,Fished,Special Purpose Zone,Commonwealth,87.9,Bri Beaulieu,,Yes,,Yes,,31,32,99,Yes,,,,,,11/02/2025,,,,0.0000006540014967
SWC-BV-070,10,-34.17786,114.8071133,2024-10-26T14:13:04+08:00,,South-west Corner,Fished,Special Purpose Zone,Commonwealth,67,Bri Beaulieu,,Yes,,Yes,,33,34,00,Yes,,,,,,11/02/2025,,,,0.000002954282623
SWC-BV-042,1,-34.18291833,114.8235467,2024-10-27T06:52:16+08:00,,South-west Corner,Fished,Special Purpose Zone,Commonwealth,57.8,Bri Beaulieu,,Yes,,Yes,,15,16,89,Yes,,,,,,03/02/2025,,,,
SWC-BV-118,2,-34.187575,114.8135683,2024-10-27T06:58:32+08:00,,South-west Corner,Fished,Special Purpose Zone,Commonwealth,63.3,Bri Beaulieu,,Yes,,Yes,POV constatntly rotating from B.brevicaudata pulling ,17,18,90,Yes,,,,,,03/02/2025,,,,0.0000006540014967
SWC-BV-030,3,-34.182635,114.810265,2024-10-27T07:01:12+08:00,,South-west Corner,Fished,Special Purpose Zone,Commonwealth,63.8,Bri Beaulieu,,Yes,,Yes,,19,20,91,Yes,,,,,,03/02/2025,,,,0.000002954282623
SWC-BV-014,4,-34.18716833,114.7934633,2024-10-27T07:10:27+08:00,,South-west Corner,Fished,Special Purpose Zone,Commonwealth,90.4,Bri Beaulieu,,Yes,,Yes,,21,22,92,Yes,,,,,,03/02/2025,,,,0.000002954282623
SWC-BV-166,5,-34.19190667,114.7902183,2024-10-27T07:14:45+08:00,,South-west Corner,Fished,Special Purpose Zone,Commonwealth,96.1,Bri Beaulieu,,Yes,,Yes,,23,24,93,Yes,,,,,,04/02/2025,,,,0.000002954282623
SWC-BV-126,6,-34.19171463,114.7835175,2024-10-27T07:19:32+08:00,,South-west Corner,Fished,Special Purpose Zone,Commonwealth,106,Bri Beaulieu,,Yes,,Yes,Had to tighten housing clamp at start of day,95,96,94,Yes,,,,,,04/02/2025,,,,0.000002954282623
SWC-BV-038,7,-34.19646833,114.7799833,2024-10-27T07:24:23+08:00,,South-west Corner,Fished,Special Purpose Zone,Commonwealth,113,Bri Beaulieu,,Yes,,Yes,,27,28,97,Yes,,,,,,04/02/2025,,,,0.0000006540014967
SWC-BV-082,8,-34.19669667,114.7868367,2024-10-27T07:28:57+08:00,,South-west Corner,Fished,Special Purpose Zone,Commonwealth,104,Bri Beaulieu,,Yes,,Yes,lights off for first 1.5 mins,29,30,98,Yes,,,,,,04/02/2025,,,,0.000002954282623
SWC-BV-170,9,-34.19694333,114.8065533,2024-10-27T07:38:19+08:00,,South-west Corner,Fished,Special Purpose Zone,Commonwealth,70.6,Bri Beaulieu,,Yes,,Yes,Ceescope back online,31,32,99,Yes,,,,,,04/02/2025,,,,0.000002954282623
SWC-BV-062,10,-34.19715833,114.8132817,2024-10-27T07:41:49+08:00,,South-west Corner,Fished,Special Purpose Zone,Commonwealth,68.7,Bri Beaulieu,,Yes,,Yes,,33,34,00,Yes,,,,,,05/02/2025,,,,0.0000006540014967
SWC-BV-054,1,-34.19735,114.82662,2024-10-27T09:01:52+08:00,,South-west Corner,Fished,Special Purpose Zone,Commonwealth,59,Bri Beaulieu,,Yes,,Yes,,15,16,89,Yes,,,,,,05/02/2025,,,,0.000002954282623
SWC-BV-066,2,-34.206875,114.819665,2024-10-27T09:07:47+08:00,,South-west Corner,Fished,Special Purpose Zone,Commonwealth,62.6,Bri Beaulieu,,Yes,,Yes,,17,18,90,Yes,,,,,,05/02/2025,,,,0.000002954282623
SWC-BV-094,3,-34.20173833,114.8031433,2024-10-27T09:14:40+08:00,,South-west Corner,Fished,Special Purpose Zone,Commonwealth,81.6,Bri Beaulieu,,Yes,,Yes,Stingray bent/broke bait arm around 30 mins ,19,20,91,Yes,,,,,,05/02/2025,,,,0.000002954282623
SWC-BV-046,4,-34.20156833,114.796545,2024-10-27T09:18:49+08:00,,South-west Corner,Fished,Special Purpose Zone,Commonwealth,91.1,Bri Beaulieu,,Yes,,Yes,,21,22,92,Yes,,,,,,06/02/2025,,,,0.0000006540014967
SWC-BV-150,5,-34.20614953,114.79323,2024-10-27T09:23:38+08:00,,South-west Corner,Fished,Special Purpose Zone,Commonwealth,97.6,Bri Beaulieu,,Yes,,Yes,,23,24,93,Yes,,,,,,06/02/2025,,,,0.000002954282623
SWC-BV-111,6,-34.21125,114.80297,2024-10-27T09:28:48+08:00,,South-west Corner,Fished,Special Purpose Zone,Commonwealth,86.5,Bri Beaulieu,,Yes,,Yes,,95,96,94,Yes,,,,,,06/02/2025,,,,0.0000006540014967
SWC-BV-178,7,-34.22075167,114.7960917,2024-10-27T09:35:13+08:00,,South-west Corner,Fished,Special Purpose Zone,Commonwealth,99.8,Bri Beaulieu,,Yes,,Yes,,27,28,97,Yes,,,,,,06/02/2025,,,,0.000002954282623
SWC-BV-003,8,-34.220725,114.8027517,2024-10-27T09:39:03+08:00,,South-west Corner,Fished,Special Purpose Zone,Commonwealth,89,Bri Beaulieu,,Yes,,Yes,,29,30,98,Yes,,,,,,06/02/2025,,,,0.0000006540014967
SWC-BV-158,9,-34.21168667,114.829665,2024-10-27T09:49:32+08:00,,South-west Corner,Fished,Special Purpose Zone,Commonwealth,63.2,Bri Beaulieu,,Yes,,Yes,,31,32,99,Yes,,,,,,06/02/2025,,,,0.0000006540014967
SWC-BV-026,10,-34.20704833,114.83298,2024-10-27T09:55:31+08:00,,South-west Corner,Fished,Special Purpose Zone,Commonwealth,58,Bri Beaulieu,,Yes,,Yes,,33,34,00,Yes,,,,,,10/02/2025,,,,0.000002954282623
SWC-BV-102,1,-34.20214833,114.8363983,2024-10-27T11:14:49+08:00,,South-west Corner,Fished,Special Purpose Zone,Commonwealth,52.8,Ryan Simms,,Yes,,Yes,,15,16,89,Yes,,,,,,19/02/2025,,,,0.000002954282623
SWC-BV-142,2,-34.19262667,114.83673,2024-10-27T11:19:17+08:00,,South-west Corner,Fished,Special Purpose Zone,Commonwealth,51.6,Ryan Simms,,Yes,,Yes,,17,18,90,Yes,,,,,,20/02/2025,,,,0.0000006540014967
SWC-BV-010,3,-34.19782,114.8466467,2024-10-27T11:25:22+08:00,,South-west Corner,Fished,Special Purpose Zone,Commonwealth,50,Ryan Simms,,Yes,,Yes,,19,20,91,Yes,,,,,,05/03/2025,,,,0.00000009355631566
SWC-BV-047,4,-34.22222167,114.88239,2024-10-27T11:41:19+08:00,,South-west Corner,Fished,Special Purpose Zone,Commonwealth,47.6,Bri Beaulieu,,Yes,,Yes,,21,22,92,Yes,,,,,,28/02/2025,,,,0.0000006540014967
SWC-BV-071,5,-34.21803167,114.9192267,2024-10-27T11:54:17+08:00,,South-west Corner,Fished,Special Purpose Zone,Commonwealth,44.5,Annika Leunig,,Yes,,Yes,,23,24,93,Yes,,,,,,28/02/2025,,,,0.0000006540014967
SWC-BV-179,6,-34.20864833,114.9259183,2024-10-27T11:59:49+08:00,,South-west Corner,Fished,Special Purpose Zone,Commonwealth,45,Annika Leunig,,Yes,,Yes,,95,96,94,Yes,,,,,,25/02/25,,,,0.0000006540014967
SWC-BV-151,7,-34.2039457,114.9361142,2024-10-27T12:05:31+08:00,,South-west Corner,Fished,Special Purpose Zone,Commonwealth,46.4,Annika Leunig,,Yes,,Yes,,27,28,97,Yes,,,,,,25/02/2025,,,,0.0000006540014967
SWC-BV-015,8,-34.19424167,114.9231417,2024-10-27T12:11:53+08:00,,South-west Corner,Fished,Special Purpose Zone,Commonwealth,42.8,Annika Leunig,,Yes,,Yes,,29,30,98,Yes,,,,,,24/02/2025,,,,0.00000009355631566
SWC-BV-119,9,-34.17514833,114.9235933,2024-10-27T12:24:01+08:00,,South-west Corner,Fished,Special Purpose Zone,Commonwealth,45.6,Zach Howman,,,,Yes,,31,32,99,Yes,,,,,,,,,,0.00000009355631566
SWC-BV-167,10,-34.20302333,114.88307,2024-10-27T12:41:01+08:00,,South-west Corner,Fished,Special Purpose Zone,Commonwealth,46.2,Zach Howman,,Yes,,Yes,,33,34,00,Yes,,,,,,20/02/2025,,,,0.00000009355631566
SWC-BV-138,1,-34.17347333,114.8239467,2024-10-27T14:45:01+08:00,,South-west Corner,Fished,Special Purpose Zone,Commonwealth,54.6,Daniel Agnello,,Yes,,Yes,,15,16,89,Yes,,,,,,14/02/2025,,,,0.0000006540014967
SWC-BV-058,2,-34.17372667,114.8370683,2024-10-27T14:49:58+08:00,,South-west Corner,Fished,Special Purpose Zone,Commonwealth,50.9,Daniel Agnello,,Yes,,Yes,,17,18,90,Yes,,,,,,19/02/2025,,,Need ID on scad,0.0000006540014967
SWC-BV-083,3,-34.16949667,114.8806267,2024-10-27T15:02:21+08:00,,South-west Corner,Fished,Special Purpose Zone,Commonwealth,43.8,Daniel Agnello,,Yes,,Yes,,19,20,91,Yes,,,,,,24/02/2025,,,,0.000002954282623
SWC-BV-031,4,-34.16478833,114.8771767,2024-10-27T15:05:28+08:00,,South-west Corner,Fished,Special Purpose Zone,Commonwealth,43.9,Daniel Agnello,,Yes,,Yes,,21,22,92,Yes,,,,,,24/02/2025,,,,0.00000009355631566
SWC-BV-147,5,-34.140665,114.8678967,2024-10-27T15:13:36+08:00,,South-west Corner,No-take,National Park Zone,Commonwealth,44,Daniel Agnello,,Yes,,Yes,,23,24,93,Yes,,,,,,19/02/2025,,,lots of rays and sharks,0.00000009355631566
SWC-BV-171,1,-34.17077333,114.9537267,2024-10-28T07:09:11+08:00,,South-west Corner,Fished,Special Purpose Zone,Commonwealth,42.3,Bri Beaulieu,,Yes,,Yes,,15,16,89,Yes,,,,,,24/02/2025,,,,0.000002954282623
SWC-BV-063,2,-34.17519,114.9366117,2024-10-28T07:15:44+08:00,,South-west Corner,Fished,Special Purpose Zone,Commonwealth,46.5,Bri Beaulieu,,Yes,,Yes,,17,18,90,Yes,,,,,,25/02/2025,,,,0.0000006540014967
SWC-BV-095,3,-34.170385,114.9271483,2024-10-28T07:20:31+08:00,,South-west Corner,Fished,Special Purpose Zone,Commonwealth,46,Bri Beaulieu,,Yes,,Yes,,19,20,91,Yes,,,,,,27/02/2025,,,,0.0000006540014967
SWC-BV-143,4,-34.15626667,114.9440767,2024-10-28T07:30:05+08:00,,South-west Corner,Fished,Special Purpose Zone,Commonwealth,47.1,Bri Beaulieu,,Yes,,Yes,,21,22,92,Yes,,,,,,26/02/2025,,,,0.000002954282623
SWC-BV-103,5,-34.146695,114.9376383,2024-10-28T07:35:44+08:00,,South-west Corner,No-take,National Park Zone,Commonwealth,44.8,Bri Beaulieu,,Yes,,Yes,,23,24,93,Yes,,,,,,31/01/2025,,,,0.0000006540014967
SWC-BV-019,6,-34.13757833,114.964365,2024-10-28T07:49:34+08:00,,South-west Corner,Fished,General Use Zone,State,,Annika Leunig,,Yes,,Yes,,95,96,94,Yes,,,,,,06/03/2025,,,,0.0000002670364553
SWC-BV-051,7,-34.12318833,114.9680333,2024-10-28T07:56:53+08:00,,South-west Corner,Fished,General Use Zone,State,34.5,Annika Leunig,,,,Yes,,27,28,97,Yes,,,,,,,,,,0.000001099561875
SWC-BV-175,8,-34.12314,114.9743717,2024-10-28T08:01:13+08:00,,South-west Corner,Fished,General Use Zone,State,30.1,,,,,,,29,30,98,,,,,,,,,,,0.000001099561875
SWC-BV-123,9,-34.12791833,114.977985,2024-10-28T08:06:14+08:00,,South-west Corner,Fished,General Use Zone,State,29.9,Ryan Simms,,Yes,,Yes,Baitbag mostly obscured by kelp ,31,32,99,Yes,,,,,,07/03/2025,,,,0.0000008762133689
SWC-BV-075,10,-34.137775,114.9843133,2024-10-28T08:12:33+08:00,,South-west Corner,Fished,General Use Zone,State,27.6,Bri Beaulieu,,Yes,,Yes,,33,34,00,Yes,,,,,,28/02/2025,,,,0.000001099561875
SWC-BV-055,1,-34.14186333,114.9346983,2024-10-28T09:55:08+08:00,,South-west Corner,No-take,National Park Zone,Commonwealth,44.6,Bri Beaulieu,,Yes,,Yes,,15,16,89,Yes,,,,,,30/01/2025,,,,0.0000006540014967
SWC-BV-159,2,-34.13194333,114.9212717,2024-10-28T10:01:27+08:00,,South-west Corner,No-take,National Park Zone,Commonwealth,40.3,Bri Beaulieu,,Yes,,Yes,,17,18,90,Yes,,,,,,30/01/2025,,,,0.0000006540014967
SWC-BV-011,3,-34.1272,114.9247533,2024-10-28T10:05:51+08:00,,South-west Corner,No-take,National Park Zone,Commonwealth,36.3,Bri Beaulieu,,Yes,,Yes,,19,20,91,Yes,,,,,,29/01/2025,,,,0.000002954282623
SWC-BV-067,4,-34.12721167,114.918075,2024-10-28T10:09:08+08:00,,South-west Corner,No-take,National Park Zone,Commonwealth,41.1,Bri Beaulieu,,Yes,,Yes,,21,22,92,Yes,,,,,,29/01/2025,,,,0.000002954282623
SWC-BV-163,5,-34.12227,114.9083383,2024-10-28T10:13:37+08:00,,South-west Corner,No-take,National Park Zone,Commonwealth,41.8,Bri Beaulieu,,Yes,,Yes,,23,24,93,Yes,,,,,,29/01/2025,,,,0.000002954282623
SWC-BV-079,6,-34.1076289,114.8986104,2024-10-28T10:21:15+08:00,,South-west Corner,No-take,National Park Zone,Commonwealth,43.7,Bri Beaulieu,,Yes,,Yes,,95,96,94,Yes,,,,,,28/01/2025,,,,0.00000009355631566
SWC-BV-027,7,-34.09824167,114.8987733,2024-10-28T10:25:14+08:00,,South-west Corner,No-take,National Park Zone,Commonwealth,43.3,Bri Beaulieu,,Yes,,Yes,,27,28,97,Yes,,,,,,28/01/2025,,,,0.00000009355631566
SWC-BV-043,8,-34.11729,114.9182183,2024-10-28T10:37:10+08:00,,South-west Corner,No-take,National Park Zone,Commonwealth,44.9,Bri Beaulieu,,Yes,,Yes,,29,30,98,Yes,,,,,,24/01/2025,,,,0.0000006540014967
SWC-BV-127,9,-34.122695,114.9346283,2024-10-28T10:44:04+08:00,,South-west Corner,No-take,National Park Zone,Commonwealth,46.5,Bri Beaulieu,,Yes,,Yes,,31,32,99,Yes,,,,,,23/01/2025,,,,0.000002954282623
SWC-BV-135,10,-34.12754,114.937765,2024-10-28T10:49:02+08:00,,South-west Corner,No-take,National Park Zone,Commonwealth,45.1,Bri Beaulieu,,Yes,,Yes,,33,34,00,Yes,,,,,,22/01/2025,,,,0.0000006540014967
SWC-BV-039,1,-34.117865,114.9381517,2024-10-28T12:54:43+08:00,,South-west Corner,Fished,General Use Zone,State,44.1,Bri Beaulieu,,Yes,,Yes,,15,16,89,Yes,,,,,,26/02/2025,,,,0.0000008762133689
SWC-BV-155,2,-34.09405167,114.9354783,2024-10-28T13:02:50+08:00,,South-west Corner,No-take,Sanctuary Zone,State,44.5,Daniel Agnello,,Yes,,Yes,,17,18,90,Yes,,,,,,04/03/2025,,,Scombridae(?) needs ID,0.0000002670364553
SWC-BV-077,3,-34.089365,114.9457033,2024-10-28T13:09:07+08:00,,South-west Corner,No-take,Sanctuary Zone,State,41.2,Annika Leunig,,Yes,,Yes,,19,20,91,Yes,,,,,,28/02/2025,,,,0.0000002670364553
SWC-BV-023,4,-34.094315,114.95535,2024-10-28T13:14:33+08:00,,South-west Corner,No-take,Sanctuary Zone,State,36.5,Annika Leunig,,Yes,,Yes,,21,22,92,Yes,,,,,,04/03/2025,,,check macki and occidentalis,0.000001099561875
SWC-BV-131,5,-34.10433333,114.9817667,2024-10-28T13:26:37+08:00,,South-west Corner,No-take,Sanctuary Zone,State,24.3,Annika Leunig,,Yes,No,Yes,BRUV tips backwards  and faces up at about 15 minutes.,23,24,93,Yes,,,,,,04/03/2025,,,,0.0000008762133689
SWC-BV-115,6,-34.10884868,114.9782597,2024-10-28T13:31:55+08:00,,South-west Corner,No-take,Sanctuary Zone,State,23.2,Annika Leunig,,Yes,,Yes,,95,96,94,Yes,,,,,,06/03/2025,,,one Labridae can't ID,0.0000008762133689
SWC-BV-007,7,-34.11412,114.98135,2024-10-28T13:36:10+08:00,,South-west Corner,No-take,Sanctuary Zone,State,24.1,Annika Leunig,,No,No,Yes,BRUV lands slanted/facing downards and video obstructed by kelp most of the time. ,27,28,97,Yes,,,,,,,,,,0.000001099561875
SWC-BV-099,8,-34.10905333,114.9714667,2024-10-28T13:40:53+08:00,,South-west Corner,No-take,Sanctuary Zone,State,25,Annika Leunig,,Yes,,Yes,B.brevicaudata drags and changes POV at 46 mins,29,30,98,Yes,,,,,,06/03/2025,,,,0.000001099561875
SWC-BV-035,9,-34.104,114.9618467,2024-10-28T13:46:10+08:00,,South-west Corner,No-take,Sanctuary Zone,State,32.1,Daniel Agnello,,Yes,,Yes,"Showed sys 10, opcode 091",31,32,99,,,,,,,started 04/03/2025,,,,0.0000008762133689
SWC-BV-091,10,-34.10876667,114.9583567,2024-10-28T13:50:31+08:00,,South-west Corner,No-take,Sanctuary Zone,State,37,Daniel Agnello,,Yes,,Yes,"Showed right cam number to left cam, corrected shortly after",33,34,00,Yes,,,,,,04/03/2025,,,,0.0000008762133689
SWC-BV-IO357,1,-34.08501667,114.9279167,2024-10-29T06:46:58+08:00,,South-west Corner,No-take,National Park Zone,Commonwealth,45.9,Daniel Agnello,,Yes,No,Yes,Left camera settings were wrong this day - CAL will not work in event measure with these settings - MaxN on right,15,16,89,Yes,,,,,,04/03/2025,,,Right video was annotated because the video settings were consistant with all other drops,
SWC-BV-085,2,-34.07436833,114.9093933,2024-10-29T06:54:32+08:00,,South-west Corner,No-take,National Park Zone,Commonwealth,44.2,Bri Beaulieu,,Yes,,Yes,,17,18,90,Yes,,,,,,22/01/2025,,,,0.00000009355631566
SWC-BV-IO356,3,-34.06956315,114.9184933,2024-10-29T06:59:44+08:00,,South-west Corner,No-take,National Park Zone,Commonwealth,47,Bri Beaulieu,,Yes,,Yes,,19,20,91,Yes,,,,,,22/01/2025,,,,
SWC-BV-AP001,4,-34.06573,114.913645,2024-10-29T07:05:18+08:00,,South-west Corner,No-take,National Park Zone,Commonwealth,48.1,Bri Beaulieu,,Yes,,Yes,,21,22,92,Yes,,,,,,21/01/2025,,,,
SWC-BV-AP002,5,-34.06351833,114.9242483,2024-10-29T07:14:46+08:00,,South-west Corner,No-take,National Park Zone,Commonwealth,47.8,Bri Beaulieu,,Yes,,Yes,,23,24,93,Yes,,,,,,21/01/2025,,,,
SWC-BV-157,6,-34.06561333,114.956015,2024-10-29T07:26:56+08:00,,South-west Corner,No-take,Sanctuary Zone,State,33.2,Bri Beaulieu,,Yes,,Yes,,95,96,94,Yes,,,,,,21/01/2025,,,,0.000001099561875
SWC-BV-025,7,-34.07034333,114.9526167,2024-10-29T07:31:50+08:00,,South-west Corner,No-take,Sanctuary Zone,State,32.7,Bri Beaulieu,,Yes,,Yes,Board reads 157,27,28,97,Yes,,,,,,20/01/2025,,,,0.000001099561875
SWC-BV-065,8,-34.07509667,114.9492933,2024-10-29T07:36:25+08:00,,South-west Corner,No-take,Sanctuary Zone,State,37.2,Bri Beaulieu,,Yes,,Yes,,29,30,98,Yes,,,,,,20/01/2025,,,,0.0000002670364553
SWC-BV-021,9,-34.089845,114.9721183,2024-10-29T07:48:20+08:00,,South-west Corner,No-take,Sanctuary Zone,State,30.6,Bri Beaulieu,,Yes,,Yes,,31,32,99,Yes,,,,,,20/01/2025,,,,0.000001099561875
SWC-BV-087,10,-34.09925833,114.9651183,2024-10-29T07:55:01+08:00,,South-west Corner,No-take,Sanctuary Zone,State,30.9,Bri Beaulieu,,Yes,,Yes,,33,34,00,Yes,,,,,,17/01/2025,,,,0.000001099561875
SWC-BV-153,1,-34.08507833,114.968995,2024-10-29T09:17:45+08:00,,South-west Corner,No-take,Sanctuary Zone,State,34.6,Bri Beaulieu,,Yes,No,Yes,Left camera settings were wrong this day - CAL will not work in event measure with these settings - MaxN on right,15,16,89,Yes,,,,,,16/01/2025,,,,0.0000008762133689
SWC-BV-125,2,-34.080355,114.9790467,2024-10-29T09:21:59+08:00,,South-west Corner,No-take,Sanctuary Zone,State,29.7,Bri Beaulieu,,Yes,,Yes,,17,18,90,Yes,,,,,,16/01/2025,,,,0.0000002670364553
SWC-BV-113,3,-34.06101483,114.9727707,2024-10-29T09:30:22+08:00,,South-west Corner,No-take,Sanctuary Zone,State,24.6,Bri Beaulieu,,Yes,,Yes,,19,20,91,Yes,,,,,,16/01/2025,,,,0.000001099561875
SWC-BV-089,4,-34.05626833,114.9695317,2024-10-29T09:33:16+08:00,,South-west Corner,Fished,General Use Zone,State,29.1,Bri Beaulieu,,Yes,,Yes,,21,22,92,Yes,,,,,,15/01/2025,,,,0.0000002670364553
SWC-BV-133,5,-34.05181667,114.9794383,2024-10-29T09:38:42+08:00,,South-west Corner,Fished,General Use Zone,State,23.6,Bri Beaulieu,,No,No,Yes,BRUV landed sideways ,23,24,93,Yes,,,,,,,,,,0.000001099561875
SWC-BV-037,6,-34.041955,114.9731883,2024-10-29T09:43:14+08:00,,South-west Corner,Fished,General Use Zone,State,32.6,Bri Beaulieu,,Yes,,Yes,,95,96,94,Yes,,,,,,14/01/2025,,,,0.000001099561875
SWC-BV-053,7,-34.04168,114.9532967,2024-10-29T09:50:56+08:00,,South-west Corner,Fished,General Use Zone,State,41.4,Bri Beaulieu,,Yes,,Yes,,27,28,97,Yes,,,,,,14/01/2025,,,,0.0000008762133689
SWC-BV-141,8,-34.04625516,114.9499109,2024-10-29T09:55:29+08:00,,South-west Corner,Fished,General Use Zone,State,38.9,Bri Beaulieu,,Yes,,Yes,,29,30,98,Yes,,,,,,13/01/2025,,,,0.000001099561875
SWC-BV-009,9,-34.05132,114.9529883,2024-10-29T09:59:34+08:00,,South-west Corner,Fished,General Use Zone,State,38.3,Bri Beaulieu,,Yes,,Yes,,31,32,99,Yes,,,,,,13/01/2025,,,,0.0000002670364553
SWC-BV-101,10,-34.051065,114.9398683,2024-10-29T10:05:56+08:00,,South-west Corner,Fished,General Use Zone,State,44.5,Bri Beaulieu,,Yes,,Yes,,33,34,00,Yes,,,,,,13/01/2025,,,,0.0000002670364553